date,% WEIGHTED ILI,%UNWEIGHTED ILI,AGE 0-4,AGE 5-24,ILITOTAL,NUM. OF PROVIDERS,OT
2002-09-30 00:00:00,1.22262,1.16668,582,805,2060,754,176569
2002-10-07 00:00:00,1.33344,1.2165,683,872,2267,785,186355
2002-10-14 00:00:00,1.31929,1.13057,642,878,2176,831,192469
2002-10-21 00:00:00,1.49484,1.25246,728,1045,2599,863,207512
2002-10-28 00:00:00,1.47195,1.30237,823,1189,2907,909,223208
2002-11-04 00:00:00,1.58094,1.40551,887,1272,3225,930,229454
2002-11-11 00:00:00,1.49426,1.38437,851,1173,3097,923,223712
2002-11-18 00:00:00,1.40569,1.32563,802,1166,2967,922,223818
2002-11-25 00:00:00,1.6141,1.43475,834,978,2709,918,188814
2002-12-02 00:00:00,1.45967,1.25433,857,1117,3049,937,243078
2002-12-09 00:00:00,1.59896,1.25757,804,1179,2957,928,235136
2002-12-16 00:00:00,2.16697,1.58017,951,1404,3416,908,216179
2002-12-23 00:00:00,2.57842,1.98008,915,937,2857,865,144287
2002-12-30 00:00:00,2.38636,1.90428,1028,1019,3260,879,171193
2003-01-06 00:00:00,1.73621,1.5901,1068,1296,3729,926,234513
2003-01-13 00:00:00,2.06296,1.81559,1154,1798,4204,902,231550
2003-01-20 00:00:00,2.58113,2.41801,1373,2998,5696,927,235566
2003-01-27 00:00:00,2.93909,2.86635,1411,4064,7079,884,246969
2003-02-03 00:00:00,3.22539,3.16662,1606,4447,7782,889,245751
2003-02-10 00:00:00,3.06982,3.0155,1568,4224,7649,903,253656
2003-02-17 00:00:00,3.20044,2.9978,1694,3689,7228,871,241110
2003-02-24 00:00:00,2.44888,2.31957,1336,2583,5606,857,241683
2003-03-03 00:00:00,2.1344,1.94707,1015,2103,4450,839,228549
2003-03-10 00:00:00,1.99866,1.72985,880,1669,3810,835,220250
2003-03-17 00:00:00,1.93849,1.51837,737,1321,2987,795,196724
2003-03-24 00:00:00,1.41293,1.22616,624,1016,2439,775,198913
2003-03-31 00:00:00,1.23472,1.05433,506,846,2028,741,192349
2003-04-07 00:00:00,1.20005,1.07108,569,799,2082,735,194383
2003-04-14 00:00:00,0.910135,0.82612,440,539,1467,669,177577
2003-04-21 00:00:00,0.932265,0.820505,429,508,1445,682,176111
2003-04-28 00:00:00,0.692175,0.630846,275,444,1075,655,170406
2003-05-05 00:00:00,0.669406,0.63935,215,471,1005,613,157191
2003-05-12 00:00:00,0.727705,0.586609,248,283,836,547,142514
2003-05-19 00:00:00,0.717701,0.773024,264,262,740,406,95728
2003-05-26 00:00:00,0.789394,0.790743,213,205,641,393,81063
2003-06-02 00:00:00,0.722129,0.711847,201,195,563,344,79090
2003-06-09 00:00:00,0.591326,0.794637,198,187,620,341,78023
2003-06-16 00:00:00,0.52307,0.586604,139,123,423,322,72110
2003-06-23 00:00:00,0.450236,0.615982,122,124,441,322,71593
2003-06-30 00:00:00,0.397421,0.491507,109,91,318,310,64699
2003-07-07 00:00:00,0.448002,0.604341,137,141,441,308,72972
2003-07-14 00:00:00,0.474767,0.524478,98,98,365,301,69593
2003-07-21 00:00:00,0.453251,0.590692,112,139,420,302,71103
2003-07-28 00:00:00,0.352158,0.505135,100,120,361,290,71466
2003-08-04 00:00:00,0.525322,0.634271,136,125,443,295,69844
2003-08-11 00:00:00,0.492991,0.610118,120,131,421,283,69003
2003-08-18 00:00:00,0.542728,0.641227,159,144,450,277,70178
2003-08-25 00:00:00,0.490347,0.661429,166,155,463,276,70000
2003-09-01 00:00:00,0.735914,0.792681,177,182,519,271,65474
2003-09-08 00:00:00,0.581771,0.639059,145,184,475,267,74328
2003-09-15 00:00:00,0.654162,0.636732,136,183,461,264,72401
2003-09-22 00:00:00,0.749504,0.747829,135,221,533,268,71273
2003-09-29 00:00:00,0.884021,0.960873,808,881,2442,830,254144
2003-10-06 00:00:00,1.02773,1.04325,913,1132,2932,931,281045
2003-10-13 00:00:00,1.28296,1.0545,878,1147,3031,974,287436
2003-10-20 00:00:00,1.32661,1.11231,1006,1369,3475,1007,312412
2003-10-27 00:00:00,1.77304,1.41274,1207,2080,4690,1074,331980
2003-11-03 00:00:00,2.43814,1.72703,1542,2735,5790,1111,335258
2003-11-10 00:00:00,2.72605,2.407,2185,4133,8385,1141,348359
2003-11-17 00:00:00,3.73192,3.10962,2561,5684,11141,1129,358275
2003-11-24 00:00:00,4.54894,4.30779,3247,4933,11742,1118,272576
2003-12-01 00:00:00,5.39906,4.8303,4734,7817,18948,1189,392274
2003-12-08 00:00:00,7.38735,6.42905,6620,11550,24962,1173,388269
2003-12-15 00:00:00,7.48097,6.86734,6434,9851,23699,1148,345097
2003-12-22 00:00:00,7.62797,7.06496,5336,5231,16415,1122,232344
2003-12-29 00:00:00,5.14051,4.55115,3391,2894,11332,1139,248992
2004-01-05 00:00:00,2.89129,2.41833,1930,2299,7602,1160,314349
2004-01-12 00:00:00,2.10429,1.80906,1679,1857,5583,1141,308614
2004-01-19 00:00:00,1.88696,1.71202,1721,1604,4961,1084,289774
2004-01-26 00:00:00,1.7766,1.5425,1487,1543,4436,1071,287586
2004-02-02 00:00:00,1.46001,1.43787,1454,1448,4251,1054,295646
2004-02-09 00:00:00,1.37787,1.32427,1420,1297,3824,986,288762
2004-02-16 00:00:00,1.30532,1.30726,1301,1255,3691,1004,282347
2004-02-23 00:00:00,1.08691,1.03698,956,1038,2916,948,281202
2004-03-01 00:00:00,0.991888,1.01032,925,910,2744,894,271597
2004-03-08 00:00:00,1.02765,1.05249,878,888,2708,897,257294
2004-03-15 00:00:00,1.0579,1.02009,730,826,2487,849,243802
2004-03-22 00:00:00,0.849361,0.924419,760,733,2300,859,248805
2004-03-29 00:00:00,0.747127,0.790645,610,611,1858,828,234998
2004-04-05 00:00:00,0.661708,0.80261,583,566,1705,774,212432
2004-04-12 00:00:00,0.679514,0.83613,545,573,1749,755,209178
2004-04-19 00:00:00,0.633071,0.792436,501,511,1615,679,203802
2004-04-26 00:00:00,0.569894,0.683588,470,404,1331,658,194708
2004-05-03 00:00:00,0.591357,0.757452,435,491,1394,629,184038
2004-05-10 00:00:00,0.589044,0.788585,449,443,1327,599,168276
2004-05-17 00:00:00,0.67864,0.812171,451,380,1262,553,155386
2004-05-24 00:00:00,0.637558,0.804463,375,349,1070,463,133008
2004-05-31 00:00:00,0.813309,0.877701,391,308,1061,452,120884
2004-06-07 00:00:00,0.834551,0.741453,355,309,987,443,133117
2004-06-14 00:00:00,0.616174,0.661022,307,240,851,426,128740
2004-06-21 00:00:00,0.513286,0.715109,277,284,887,423,124037
2004-06-28 00:00:00,0.351881,0.562241,238,183,698,408,124146
2004-07-05 00:00:00,0.542621,0.786808,233,205,710,381,90238
2004-07-12 00:00:00,0.581036,0.860658,249,280,836,378,97135
2004-07-19 00:00:00,0.495486,0.689944,259,200,659,370,95515
2004-07-26 00:00:00,0.61209,0.779691,260,230,719,363,92216
2004-08-02 00:00:00,0.531491,0.628144,213,235,733,345,116693
2004-08-09 00:00:00,0.519987,0.902459,243,256,809,334,89644
2004-08-16 00:00:00,0.574476,0.806443,256,256,770,335,95481
2004-08-23 00:00:00,0.663175,0.874888,259,265,799,333,91326
2004-08-30 00:00:00,0.614691,0.993213,279,358,960,326,96656
2004-09-06 00:00:00,0.656823,0.876141,281,309,913,337,104207
2004-09-13 00:00:00,0.723016,0.948092,342,413,1122,341,118343
2004-09-20 00:00:00,0.691857,0.926943,322,416,1089,336,117483
2004-09-27 00:00:00,0.782758,0.971643,333,382,1116,364,114857
2004-10-04 00:00:00,0.982275,0.897159,877,1256,3171,1176,353449
2004-10-11 00:00:00,1.01821,1.02248,1071,1373,3631,1187,355116
2004-10-18 00:00:00,1.1768,1.06296,1240,1534,4019,1267,378094
2004-10-25 00:00:00,1.30121,1.14696,1190,1671,4369,1293,380921
2004-11-01 00:00:00,1.27746,1.20495,1327,1718,4551,1302,377692
2004-11-08 00:00:00,1.40387,1.30517,1497,1874,4969,1344,380718
2004-11-15 00:00:00,1.40301,1.28699,1531,1874,4983,1336,387182
2004-11-22 00:00:00,1.73975,1.59468,1490,1678,4713,1341,295546
2004-11-29 00:00:00,1.56894,1.39714,1538,2059,5407,1369,387004
2004-12-06 00:00:00,1.65927,1.44996,1551,2052,5428,1346,374356
2004-12-13 00:00:00,1.81341,1.61745,1670,2071,5755,1379,355806
2004-12-20 00:00:00,2.37626,2.19112,1856,1807,5689,1288,259639
2004-12-27 00:00:00,2.77052,2.56649,2252,1993,7279,1332,283617
2005-01-03 00:00:00,2.40064,2.17645,2010,2450,8041,1383,369455
2005-01-10 00:00:00,2.54155,2.20171,2188,2982,8323,1342,378024
2005-01-17 00:00:00,2.85871,2.53012,2199,3682,9328,1348,368678
2005-01-24 00:00:00,3.55011,3.06524,2747,5364,12422,1334,405254
2005-01-31 00:00:00,4.58591,3.98061,3086,7650,16192,1303,406772
2005-02-07 00:00:00,5.05809,4.59568,3626,8854,19369,1324,421461
2005-02-14 00:00:00,5.44151,4.75197,3834,8400,19931,1330,419426
2005-02-21 00:00:00,4.4729,4.17962,3720,6759,16630,1280,397883
2005-02-28 00:00:00,3.6752,3.45359,2997,5343,13234,1268,383196
2005-03-07 00:00:00,3.3353,3.15852,2728,4494,11601,1227,367292
2005-03-14 00:00:00,2.76224,2.6732,2416,3513,9502,1185,355454
2005-03-21 00:00:00,2.46844,2.35161,2145,2771,7900,1148,335940
2005-03-28 00:00:00,2.00081,1.89243,1827,2133,6329,1103,334438
2005-04-04 00:00:00,1.54319,1.5249,1422,1737,4816,1048,315823
2005-04-11 00:00:00,1.50195,1.41134,1356,1603,4445,1000,314948
2005-04-18 00:00:00,1.22918,1.25068,1096,1469,3825,978,305833
2005-04-25 00:00:00,1.21854,1.20702,1117,1411,3646,971,302065
2005-05-02 00:00:00,1.15832,1.07895,903,1136,2990,923,277120
2005-05-09 00:00:00,1.249,1.14521,979,1115,3012,878,263009
2005-05-16 00:00:00,1.16888,1.06124,805,926,2531,825,238494
2005-05-23 00:00:00,1.07888,1.0568,687,695,2056,687,194550
2005-05-30 00:00:00,1.23059,1.25193,693,678,2099,637,167661
2005-06-06 00:00:00,1.14747,1.01419,548,594,1744,603,171960
2005-06-13 00:00:00,1.00254,1.04197,573,507,1614,582,154899
2005-06-20 00:00:00,0.957569,0.954027,580,507,1628,587,170645
2005-06-27 00:00:00,0.894837,0.84823,497,452,1359,550,160216
2005-07-04 00:00:00,0.798205,0.841872,426,390,1198,533,142302
2005-07-11 00:00:00,0.757812,0.730894,389,361,1148,524,157068
2005-07-18 00:00:00,0.825963,0.713432,333,364,1068,507,149699
2005-07-25 00:00:00,0.744927,0.670677,328,327,990,492,147612
2005-08-01 00:00:00,0.787049,0.689278,331,326,982,488,142468
2005-08-08 00:00:00,0.684724,0.704929,319,350,1023,479,145121
2005-08-15 00:00:00,0.747361,0.615903,330,326,928,480,150673
2005-08-22 00:00:00,0.673974,0.609426,292,311,922,428,151290
2005-08-29 00:00:00,0.869662,0.680259,342,367,1033,420,151854
2005-09-05 00:00:00,0.899529,0.775488,338,396,1061,416,136817
2005-09-12 00:00:00,0.854635,0.683421,302,383,1026,408,150127
2005-09-19 00:00:00,1.01123,0.781075,368,516,1219,419,156067
2005-09-26 00:00:00,0.977808,0.806943,381,484,1204,447,149205
2005-10-03 00:00:00,1.17778,1.07635,1172,1256,3586,1113,333164
2005-10-10 00:00:00,1.21947,1.05869,1285,1247,3582,1160,338343
2005-10-17 00:00:00,1.3069,1.11523,1393,1525,4122,1216,369609
2005-10-24 00:00:00,1.33931,1.12381,1439,1599,4248,1237,377999
2005-10-31 00:00:00,1.58374,1.25489,1639,1894,5005,1280,398840
2005-11-07 00:00:00,1.47072,1.33661,1563,1929,5038,1272,376924
2005-11-14 00:00:00,1.6112,1.37864,1679,1951,5276,1277,382697
2005-11-21 00:00:00,1.82699,1.60829,1666,1593,4802,1301,298578
2005-11-28 00:00:00,1.77482,1.48311,1858,2176,5966,1325,402264
2005-12-05 00:00:00,1.94451,1.65374,1987,2463,6371,1328,385248
2005-12-12 00:00:00,2.35512,2.00679,2241,3063,7697,1318,383548
2005-12-19 00:00:00,3.10878,2.56857,2696,3058,8577,1287,333921
2005-12-26 00:00:00,3.28238,3.05278,2678,2561,8842,1273,289638
2006-01-02 00:00:00,2.62914,2.42504,2422,2366,8339,1319,343871
2006-01-09 00:00:00,2.2515,2.00195,2272,2921,7882,1339,393716
2006-01-16 00:00:00,2.35858,2.05869,2249,3150,7858,1297,381699
2006-01-23 00:00:00,2.41881,2.21277,2643,3646,9114,1331,411882
2006-01-30 00:00:00,2.52752,2.3222,2612,4153,9551,1320,411291
2006-02-06 00:00:00,2.64954,2.49279,2754,4593,10427,1311,418286
2006-02-13 00:00:00,3.12935,2.79489,2624,4979,11226,1288,401661
2006-02-20 00:00:00,3.12442,2.96911,2753,5284,11901,1288,400827
2006-02-27 00:00:00,3.13099,2.83959,2579,5008,11343,1275,399459
2006-03-06 00:00:00,3.08261,2.77799,2564,5106,11261,1257,405365
2006-03-13 00:00:00,2.64431,2.47287,2330,4154,9322,1241,376971
2006-03-20 00:00:00,2.42295,2.18061,1895,3709,8064,1217,369804
2006-03-27 00:00:00,2.31141,2.0168,1697,3393,7313,1165,362605
2006-04-03 00:00:00,1.86383,1.64101,1437,2660,5738,1133,349662
2006-04-10 00:00:00,1.44943,1.35829,1181,2014,4547,1087,334760
2006-04-17 00:00:00,1.30227,1.1428,959,1479,3550,1045,310641
2006-04-24 00:00:00,1.13459,1.04031,836,1382,3177,1017,305389
2006-05-01 00:00:00,1.06255,0.964347,745,1208,2780,958,288278
2006-05-08 00:00:00,1.03428,0.937982,745,1039,2592,919,276338
2006-05-15 00:00:00,1.01791,0.947449,715,969,2428,877,256267
2006-05-22 00:00:00,0.918151,0.891918,699,764,2061,783,231075
2006-05-29 00:00:00,0.93099,0.864643,572,561,1645,649,190252
2006-06-05 00:00:00,0.857294,0.97032,754,626,2075,635,213847
2006-06-12 00:00:00,0.786294,0.84439,514,447,1430,615,169353
2006-06-19 00:00:00,0.719426,0.77487,463,409,1300,610,167770
2006-06-26 00:00:00,0.718868,0.821372,466,390,1271,572,154741
2006-07-03 00:00:00,0.774807,0.872745,437,402,1215,565,139216
2006-07-10 00:00:00,0.76598,0.922635,549,511,1617,577,175259
2006-07-17 00:00:00,0.642809,0.899487,541,440,1553,564,172654
2006-07-24 00:00:00,0.622033,0.843082,502,403,1455,564,172581
2006-07-31 00:00:00,0.616326,0.881824,508,430,1428,551,161937
2006-08-07 00:00:00,0.685694,0.817145,473,435,1373,547,168024
2006-08-14 00:00:00,0.622697,0.8715,510,466,1457,536,167183
2006-08-21 00:00:00,0.611817,0.738621,404,379,1138,503,154071
2006-08-28 00:00:00,0.638831,0.797966,398,457,1224,488,153390
2006-09-04 00:00:00,0.806627,1.01394,492,506,1463,491,144289
2006-09-11 00:00:00,0.762448,0.880936,446,521,1406,487,159603
2006-09-18 00:00:00,0.813406,0.943366,511,534,1487,455,157627
2006-09-25 00:00:00,0.807934,0.891546,476,512,1433,469,160732
2006-10-02 00:00:00,1.15384,1.20322,1434,1699,4513,1323,375076
2006-10-09 00:00:00,1.14819,1.05788,1278,1602,4072,1361,384920
2006-10-16 00:00:00,1.22736,1.13054,1543,1830,4737,1425,419005
2006-10-23 00:00:00,1.21744,1.12552,1582,1996,4888,1445,434287
2006-10-30 00:00:00,1.32813,1.20808,1672,2270,5380,1473,445334
2006-11-06 00:00:00,1.47754,1.34952,2112,2393,6139,1497,454901
2006-11-13 00:00:00,1.5339,1.4689,2355,2681,6668,1474,453945
2006-11-20 00:00:00,1.91269,1.82767,2188,2202,6156,1488,336822
2006-11-27 00:00:00,1.838,1.6656,2573,2792,7530,1486,452089
2006-12-04 00:00:00,1.95376,1.85968,2643,3244,8122,1493,436741
2006-12-11 00:00:00,2.40407,2.38891,3270,4470,10396,1492,435177
2006-12-18 00:00:00,2.87453,2.78978,3387,4065,10192,1435,365334
2006-12-25 00:00:00,3.02597,3.11549,3243,2868,8913,1359,286087
2007-01-01 00:00:00,2.37817,2.26942,2927,2481,8386,1490,369521
2007-01-08 00:00:00,2.09232,1.86355,2507,2756,7761,1467,416464
2007-01-15 00:00:00,2.29396,1.99986,2548,3248,7909,1470,395477
2007-01-22 00:00:00,2.74501,2.4406,3410,4684,10888,1495,446119
2007-01-29 00:00:00,3.04434,2.83018,3456,5648,12120,1472,428241
2007-02-05 00:00:00,3.49999,3.12343,3840,6995,14197,1484,454533
2007-02-12 00:00:00,3.57851,3.27019,3879,6668,14031,1461,429057
2007-02-19 00:00:00,3.28979,3.17757,3728,6537,14048,1460,442099
2007-02-26 00:00:00,2.89149,2.72364,3016,5429,11801,1428,433281
2007-03-05 00:00:00,2.62075,2.50201,2798,4937,10715,1408,428255
2007-03-12 00:00:00,2.53387,2.4272,2668,4031,9597,1361,395394
2007-03-19 00:00:00,2.07251,1.96041,2049,3307,7562,1333,385735
2007-03-26 00:00:00,1.87084,1.5914,1664,2508,6148,1303,386327
2007-04-02 00:00:00,1.40042,1.36978,1445,1803,4958,1284,361955
2007-04-09 00:00:00,1.46887,1.36317,1429,1821,4869,1240,357183
2007-04-16 00:00:00,1.15514,1.1737,1257,1523,4179,1206,356055
2007-04-23 00:00:00,1.07901,1.06358,1152,1386,3695,1152,347413
2007-04-30 00:00:00,0.98492,0.969711,969,1143,3077,1119,317311
2007-05-07 00:00:00,1.03325,0.965362,917,1055,2860,1057,296262
2007-05-14 00:00:00,0.926649,0.856749,815,861,2442,1025,285031
2007-05-21 00:00:00,0.9201,0.863346,761,785,2243,925,259803
2007-05-28 00:00:00,0.954094,0.93537,722,652,2058,831,220020
2007-06-04 00:00:00,0.763278,0.745569,628,510,1679,796,225197
2007-06-11 00:00:00,0.81722,0.740428,598,469,1614,771,217982
2007-06-18 00:00:00,0.764586,0.672897,521,441,1456,749,216378
2007-06-25 00:00:00,0.793127,0.666282,514,408,1455,742,218376
2007-07-02 00:00:00,0.66909,0.662747,394,360,1169,711,176387
2007-07-09 00:00:00,0.62115,0.545619,366,372,1086,697,199040
2007-07-16 00:00:00,0.603659,0.586231,446,345,1211,698,206574
2007-07-23 00:00:00,0.649058,0.660687,477,392,1356,691,205241
2007-07-30 00:00:00,0.568338,0.534093,321,311,1037,677,194161
2007-08-06 00:00:00,0.651546,0.585549,389,385,1172,667,200154
2007-08-13 00:00:00,0.652176,0.618075,439,411,1283,666,207580
2007-08-20 00:00:00,0.803849,0.687465,495,457,1448,671,210629
2007-08-27 00:00:00,0.787458,0.715696,502,500,1526,652,213219
2007-09-03 00:00:00,0.943263,0.829313,519,545,1554,641,187384
2007-09-10 00:00:00,0.946932,0.800912,496,682,1694,638,211509
2007-09-17 00:00:00,0.987146,0.918484,609,681,1913,632,208278
2007-09-24 00:00:00,1.05206,0.814259,729,788,2228,703,273623
2007-10-01 00:00:00,0.995184,1.07197,2187,1997,5641,1373,526227
2007-10-08 00:00:00,1.22003,1.21786,2387,2433,6444,1429,529126
2007-10-15 00:00:00,1.28548,1.24576,2583,2551,6941,1449,557172
2007-10-22 00:00:00,1.3775,1.35984,2871,2788,7434,1477,546680
2007-10-29 00:00:00,1.46725,1.44671,3074,2998,7915,1485,547104
2007-11-05 00:00:00,1.55841,1.53286,3398,3303,8687,1539,566717
2007-11-12 00:00:00,1.61958,1.66653,3563,3290,9104,1516,546284
2007-11-19 00:00:00,1.8112,1.97488,3651,2631,8570,1523,433951
2007-11-26 00:00:00,1.61865,1.67305,3679,3158,9171,1513,548159
2007-12-03 00:00:00,1.62124,1.63405,3365,2907,8436,1487,516263
2007-12-10 00:00:00,1.67351,1.74595,3298,2694,8091,1453,463416
2007-12-17 00:00:00,1.95096,1.93643,3580,2724,8750,1420,451862
2007-12-24 00:00:00,2.50019,2.48905,3848,2348,8902,1426,357646
2007-12-31 00:00:00,2.43939,2.25405,3737,2568,9706,1486,430603
2008-01-07 00:00:00,2.29319,2.09147,3393,3644,11115,1509,531444
2008-01-14 00:00:00,2.62907,2.35934,3664,4900,12197,1511,516966
2008-01-21 00:00:00,3.92966,3.32331,4289,7661,17171,1508,516683
2008-01-28 00:00:00,4.99202,4.43381,5222,11974,24812,1514,559609
2008-02-04 00:00:00,5.7776,5.34547,6059,15323,31896,1526,596692
2008-02-11 00:00:00,5.98318,5.42258,6244,14336,31625,1518,583210
2008-02-18 00:00:00,5.61677,5.30303,5922,12783,30245,1497,570334
2008-02-25 00:00:00,4.53234,4.24456,4978,9958,25027,1453,589626
2008-03-03 00:00:00,3.83249,3.628,4420,7849,20254,1445,558269
2008-03-10 00:00:00,3.21522,3.03463,3878,6112,16714,1412,550776
2008-03-17 00:00:00,2.69245,2.53595,3153,4493,13040,1395,514205
2008-03-24 00:00:00,2.03366,2.0573,2689,3395,10376,1379,504350
2008-03-31 00:00:00,1.65275,1.7415,2372,2697,8583,1327,492850
2008-04-07 00:00:00,1.3113,1.40652,2045,2354,7045,1318,500881
2008-04-14 00:00:00,1.1652,1.26861,1857,2013,6079,1288,479187
2008-04-21 00:00:00,1.02035,1.07719,1572,1713,4953,1208,459808
2008-04-28 00:00:00,0.877607,0.993445,1466,1416,4224,1147,425187
2008-05-05 00:00:00,0.825107,0.911212,1356,1381,4011,1098,440183
2008-05-12 00:00:00,0.787315,0.972109,1439,1274,3904,1074,401601
2008-05-19 00:00:00,0.805439,0.993258,1393,1116,3646,945,367075
2008-05-26 00:00:00,0.886061,1.09132,1473,1083,3803,869,348477
2008-06-02 00:00:00,0.743743,0.888446,1159,906,2933,789,330127
2008-06-09 00:00:00,0.706842,0.887691,1113,886,2906,764,327366
2008-06-16 00:00:00,0.655943,0.883187,1115,855,2842,755,321789
2008-06-23 00:00:00,0.633492,0.826756,937,810,2534,730,306499
2008-06-30 00:00:00,0.571837,0.783201,913,762,2405,713,307073
2008-07-07 00:00:00,0.558278,0.78061,881,749,2431,710,311423
2008-07-14 00:00:00,0.597893,0.769073,826,703,2319,696,301532
2008-07-21 00:00:00,0.577222,0.721298,779,704,2166,694,300292
2008-07-28 00:00:00,0.596987,0.752527,788,763,2289,676,304175
2008-08-04 00:00:00,0.564653,0.752721,679,706,2220,668,294930
2008-08-11 00:00:00,0.585682,0.792766,789,745,2368,657,298701
2008-08-18 00:00:00,0.503985,0.743896,730,754,2237,657,300714
2008-08-25 00:00:00,0.468139,0.814166,794,892,2429,636,298342
2008-09-01 00:00:00,0.576455,0.838401,774,880,2461,666,293535
2008-09-08 00:00:00,0.681361,0.851124,859,994,2788,685,327567
2008-09-15 00:00:00,0.794764,1.10976,1062,1527,3735,679,336560
2008-09-22 00:00:00,0.868116,1.03114,983,1306,3400,716,329731
2008-09-29 00:00:00,1.06828,1.02284,1535,2352,5687,1435,555999
2008-10-06 00:00:00,1.00756,1.03017,1861,2291,5959,1500,578446
2008-10-13 00:00:00,0.979399,1.01245,1869,2219,5896,1525,582351
2008-10-20 00:00:00,1.04943,1.08359,1976,2474,6485,1527,598473
2008-10-27 00:00:00,1.13218,1.16578,2119,2547,6987,1545,599343
2008-11-03 00:00:00,1.13156,1.1913,2276,2668,7297,1555,612526
2008-11-10 00:00:00,1.15469,1.28075,2512,2854,7667,1555,598635
2008-11-17 00:00:00,1.20448,1.27053,2600,2828,7733,1563,608646
2008-11-24 00:00:00,1.36081,1.59578,3024,2412,7634,1523,478386
2008-12-01 00:00:00,1.30322,1.4585,3114,2913,8708,1551,597052
2008-12-08 00:00:00,1.30204,1.49921,3252,3024,8689,1543,579573
2008-12-15 00:00:00,1.45109,1.62982,3137,2579,7812,1416,479318
2008-12-22 00:00:00,1.79927,2.15561,3897,2367,8706,1484,403876
2008-12-29 00:00:00,2.12134,2.02053,3814,2042,8603,1490,425780
2009-01-05 00:00:00,1.47138,1.54566,3245,2548,8956,1539,579428
2009-01-12 00:00:00,1.61555,1.64224,3142,3345,9289,1512,565631
2009-01-19 00:00:00,1.95333,1.96524,3602,4597,11456,1566,582932
2009-01-26 00:00:00,2.42907,2.34368,4039,6602,14324,1554,611176
2009-02-02 00:00:00,2.96686,2.86057,4606,8882,18268,1580,638613
2009-02-09 00:00:00,3.57354,3.3421,5064,11215,21667,1569,648304
2009-02-16 00:00:00,3.36653,3.20566,4848,9851,20022,1543,624583
2009-02-23 00:00:00,3.2962,3.10049,4694,10092,20450,1544,659573
2009-03-02 00:00:00,3.17227,2.95819,4420,9116,18441,1534,623389
2009-03-09 00:00:00,2.5804,2.46381,4046,7446,15711,1524,637672
2009-03-16 00:00:00,2.42922,2.19272,3657,6036,13277,1494,605503
2009-03-23 00:00:00,1.99028,1.87395,3237,5052,11400,1470,608342
2009-03-30 00:00:00,1.72423,1.64817,2829,4283,9669,1440,586651
2009-04-06 00:00:00,1.60355,1.49878,2577,3407,8460,1422,564460
2009-04-13 00:00:00,1.28418,1.29233,2371,2761,7222,1415,558837
2009-04-20 00:00:00,1.2932,1.27164,2353,2855,7348,1445,577836
2009-04-27 00:00:00,2.74012,2.98159,4821,8043,18627,1405,624734
2009-05-04 00:00:00,2.22391,2.43702,3920,6221,14578,1422,598189
2009-05-11 00:00:00,1.76657,2.2813,3236,5888,12554,1372,550300
2009-05-18 00:00:00,1.92171,3.81572,4188,12026,20774,1331,544432
2009-05-25 00:00:00,1.8611,4.21315,4496,12461,22394,1314,531526
2009-06-01 00:00:00,1.68423,3.17832,3865,8615,17105,1305,538177
2009-06-08 00:00:00,1.7393,2.50972,3072,5660,12392,1296,493761
2009-06-15 00:00:00,1.83001,2.06632,2623,4740,10780,1280,521701
2009-06-22 00:00:00,1.58128,1.71805,2299,3700,8801,1279,512268
2009-06-29 00:00:00,1.49172,1.55965,2145,2893,7422,1237,475877
2009-07-06 00:00:00,1.389,1.30856,1701,2481,6290,1246,480680
2009-07-13 00:00:00,1.34702,1.18695,1581,2437,5964,1248,502466
2009-07-20 00:00:00,1.16056,1.13796,1608,2285,5735,1248,503971
2009-07-27 00:00:00,1.2085,1.15005,1519,2199,5587,1254,485804
2009-08-03 00:00:00,1.15544,1.11262,1651,2082,5526,1230,496666
2009-08-10 00:00:00,1.14518,1.16142,1645,2321,5877,1234,506019
2009-08-17 00:00:00,1.4664,1.64107,2167,4210,8941,1286,544827
2009-08-24 00:00:00,2.38017,2.47166,2883,8253,14556,1320,588916
2009-08-31 00:00:00,3.44681,3.71969,3713,13114,21350,1358,573972
2009-09-07 00:00:00,4.05315,3.94975,4087,13407,22561,1367,571201
2009-09-14 00:00:00,4.26621,4.08756,4445,15326,26091,1380,638302
2009-09-21 00:00:00,4.21579,4.01897,4462,14152,24454,1313,608464
2009-09-28 00:00:00,4.8861,4.60362,4974,16291,27919,1331,606458
2009-10-05 00:00:00,6.06923,5.66087,9302,27406,48420,2056,855346
2009-10-12 00:00:00,7.09467,6.81522,11527,32585,58196,2134,853912
2009-10-19 00:00:00,7.7151,7.61889,13187,39364,69068,2162,906536
2009-10-26 00:00:00,7.55134,7.38836,13174,36860,66411,2167,898860
2009-11-02 00:00:00,6.67118,6.33927,12161,30860,57017,2197,899425
2009-11-09 00:00:00,5.20633,4.94349,10151,21112,42729,2191,864348
2009-11-16 00:00:00,4.04477,3.80996,8979,14652,32520,2157,853552
2009-11-23 00:00:00,3.49722,3.44106,7716,8237,22508,2146,654101
2009-11-30 00:00:00,2.69023,2.66773,7195,7988,21730,2122,814550
2009-12-07 00:00:00,2.47119,2.47183,6490,7218,19325,2093,781811
2009-12-14 00:00:00,2.44773,2.345,6275,5785,17081,2014,728401
2009-12-21 00:00:00,2.64594,2.71435,6078,4127,14575,1934,536961
2009-12-28 00:00:00,2.61567,2.67667,6598,3726,15613,1937,583299
2010-01-04 00:00:00,1.90712,1.98284,4998,3961,14299,1996,721138
2010-01-11 00:00:00,1.86738,1.82749,4877,4614,14088,2016,770895
2010-01-18 00:00:00,1.88072,1.92606,5399,5079,14757,2053,766177
2010-01-25 00:00:00,1.96908,1.92495,5333,5655,15122,2026,785580
2010-02-01 00:00:00,2.11387,2.08877,5816,6142,16037,1996,767773
2010-02-08 00:00:00,2.09695,2.03434,5496,5577,15381,1977,756068
2010-02-15 00:00:00,1.90294,1.97649,5388,5536,15065,1954,762208
2010-02-22 00:00:00,1.96951,1.99362,5040,6207,16087,1990,806925
2010-03-01 00:00:00,1.92331,1.85383,4281,5685,14486,1953,781411
2010-03-08 00:00:00,1.89659,1.8673,4612,5270,14354,1946,768702
2010-03-15 00:00:00,1.75181,1.69987,4063,4466,12601,1933,741293
2010-03-22 00:00:00,1.52632,1.49741,3625,4108,11191,1917,747358
2010-03-29 00:00:00,1.49572,1.45112,3408,3733,10359,1875,713863
2010-04-05 00:00:00,1.22313,1.20715,3090,2933,8813,1850,730068
2010-04-12 00:00:00,1.17754,1.17415,3117,3110,8801,1831,749563
2010-04-19 00:00:00,1.09112,1.16207,2921,3044,8362,1765,719580
2010-04-26 00:00:00,1.11958,1.17213,3081,2972,8440,1755,720054
2010-05-03 00:00:00,1.08169,1.12168,2781,2901,7914,1710,705551
2010-05-10 00:00:00,1.12497,1.14981,2851,2645,7697,1664,669414
2010-05-17 00:00:00,1.06197,1.13328,2816,2553,7603,1624,670887
2010-05-24 00:00:00,1.08909,1.08171,2636,2188,6853,1497,633532
2010-05-31 00:00:00,1.1776,1.19959,2413,2172,6595,1421,549773
2010-06-07 00:00:00,0.97493,0.952808,2147,1831,5755,1435,604004
2010-06-14 00:00:00,0.987132,0.916032,1975,1784,5316,1405,580329
2010-06-21 00:00:00,0.995991,0.926582,2027,1779,5334,1384,575664
2010-06-28 00:00:00,0.904726,0.86962,1754,1541,4718,1347,542536
2010-07-05 00:00:00,0.941927,0.903133,1753,1566,4691,1353,519414
2010-07-12 00:00:00,0.880415,0.773776,1458,1450,4234,1284,547187
2010-07-19 00:00:00,0.842615,0.742774,1323,1335,3950,1265,531790
2010-07-26 00:00:00,0.858382,0.730934,1290,1279,3850,1250,526723
2010-08-02 00:00:00,0.83383,0.786882,1381,1357,4077,1241,518121
2010-08-09 00:00:00,0.847437,0.763051,1378,1307,4008,1212,525260
2010-08-16 00:00:00,0.888273,0.841043,1485,1592,4518,1225,537190
2010-08-23 00:00:00,0.765372,0.791573,1520,1592,4420,1235,558382
2010-08-30 00:00:00,0.91858,0.912732,1564,1866,5007,1170,548573
2010-09-06 00:00:00,1.01432,1.03398,1850,1959,5493,1198,531250
2010-09-13 00:00:00,1.01233,0.934009,1720,2118,5510,1210,589930
2010-09-20 00:00:00,1.11803,1.08189,2134,2510,6741,1206,623077
2010-09-27 00:00:00,1.11806,1.06563,1995,2383,6387,1254,599366
2010-10-04 00:00:00,1.10939,1.13505,2627,3142,8473,1838,746485
2010-10-11 00:00:00,1.24341,1.25256,2953,3522,9347,1875,746230
2010-10-18 00:00:00,1.25726,1.2457,3044,3641,9684,1907,777397
2010-10-25 00:00:00,1.25734,1.26774,3226,3822,9904,1929,781234
2010-11-01 00:00:00,1.43414,1.43723,3451,4397,11020,1947,766753
2010-11-08 00:00:00,1.51838,1.53341,3927,4679,11807,1940,769982
2010-11-15 00:00:00,1.61617,1.69445,4416,5322,13336,1921,787038
2010-11-22 00:00:00,1.84378,1.9915,4598,4145,12079,1938,606527
2010-11-29 00:00:00,1.72535,1.81305,5045,4978,13997,1964,772016
2010-12-06 00:00:00,1.87923,2.01426,5060,5867,14958,1936,742606
2010-12-13 00:00:00,2.3371,2.55659,6300,7194,18022,1916,704923
2010-12-20 00:00:00,3.03533,3.38185,7295,7071,19899,1840,588406
2010-12-27 00:00:00,3.136,3.43172,7478,5764,20346,1887,592880
2011-01-03 00:00:00,2.53336,2.69151,6584,6342,20026,1923,744043
2011-01-10 00:00:00,2.91288,2.91063,6238,7773,20721,1921,711908
2011-01-17 00:00:00,3.44497,3.49232,7247,11243,26257,1964,751850
2011-01-24 00:00:00,4.16185,4.0037,8007,15291,31975,1947,798637
2011-01-31 00:00:00,4.55159,4.43534,8195,16366,34284,1970,772974
2011-02-07 00:00:00,4.46504,4.24215,8036,16516,34456,1961,812230
2011-02-14 00:00:00,4.55124,4.39719,8172,17493,36567,1910,831600
2011-02-21 00:00:00,4.0822,3.90256,7839,13718,31277,1908,801449
2011-02-28 00:00:00,3.38812,3.15073,6376,10496,24627,1860,781629
2011-03-07 00:00:00,2.99142,2.72422,5691,8427,20377,1829,747993
2011-03-14 00:00:00,2.61542,2.33336,5363,6702,17309,1823,741807
2011-03-21 00:00:00,2.09065,1.925,4400,5489,14031,1790,728883
2011-03-28 00:00:00,1.86146,1.75243,4189,5025,12957,1770,739375
2011-04-04 00:00:00,1.61377,1.57704,3701,4557,11498,1723,729089
2011-04-11 00:00:00,1.42199,1.35766,3164,3562,9391,1681,691707
2011-04-18 00:00:00,1.3382,1.31223,3139,3064,8695,1651,662612
2011-04-25 00:00:00,1.19995,1.14937,2895,2673,7830,1612,681240
2011-05-02 00:00:00,1.14889,1.11451,2532,2553,7307,1585,655627
2011-05-09 00:00:00,1.12194,1.10984,2551,2595,7236,1556,651983
2011-05-16 00:00:00,1.06712,1.0524,2353,2280,6530,1516,620485
2011-05-23 00:00:00,1.05058,1.03536,2213,2110,6072,1381,586460
2011-05-30 00:00:00,1.15203,1.11777,2249,1980,5946,1357,531954
2011-06-06 00:00:00,0.970975,0.982949,2040,1760,5547,1296,564322
2011-06-13 00:00:00,0.894683,0.925194,1812,1599,4989,1279,539238
2011-06-20 00:00:00,0.843568,0.835531,1604,1422,4448,1251,532356
2011-06-27 00:00:00,0.815409,0.832393,1472,1462,4218,1225,506732
2011-07-04 00:00:00,0.823052,0.855591,1423,1269,4009,1211,468565
2011-07-11 00:00:00,0.674635,0.706949,1255,1206,3721,1220,526346
2011-07-18 00:00:00,0.631883,0.694387,1243,1184,3597,1203,518011
2011-07-25 00:00:00,0.641513,0.687976,1251,1188,3538,1179,514262
2011-08-01 00:00:00,0.529813,0.644743,1088,1125,3202,1175,496632
2011-08-08 00:00:00,0.644089,0.67533,1207,1223,3523,1175,521671
2011-08-15 00:00:00,0.667718,0.72823,1342,1358,3874,1191,531975
2011-08-22 00:00:00,0.705668,0.806526,1505,1600,4444,1195,551005
2011-08-29 00:00:00,0.804155,0.860408,1528,1781,4717,1200,548228
2011-09-05 00:00:00,0.907804,0.936075,1622,1809,4813,1184,514168
2011-09-12 00:00:00,1.00555,0.966683,1788,2206,5567,1196,575887
2011-09-19 00:00:00,1.03601,0.996007,1816,2264,5822,1201,584534
2011-09-26 00:00:00,1.07583,1.10846,2248,2514,6708,1213,605162
2011-10-03 00:00:00,1.16092,1.20345,3106,3485,9365,1850,778182
2011-10-10 00:00:00,1.19785,1.23777,3317,3667,9803,1883,791987
2011-10-17 00:00:00,1.27926,1.25259,3324,3837,9958,1905,794995
2011-10-24 00:00:00,1.29194,1.30546,3453,4035,10298,1900,788840
2011-10-31 00:00:00,1.42824,1.45295,3634,4658,11396,1925,784334
2011-11-07 00:00:00,1.39803,1.44089,3949,4348,11496,1946,797839
2011-11-14 00:00:00,1.45831,1.46221,3923,4361,11721,1900,801594
2011-11-21 00:00:00,1.56548,1.65573,4125,3340,10377,1918,626731
2011-11-28 00:00:00,1.34313,1.46606,4237,3955,11479,1904,782984
2011-12-05 00:00:00,1.48139,1.51811,3995,4040,11187,1898,736905
2011-12-12 00:00:00,1.63398,1.66429,4579,4097,12137,1872,729258
2011-12-19 00:00:00,1.83126,1.85274,5016,3535,11958,1851,645424
2011-12-26 00:00:00,2.10451,2.12413,5243,3184,12356,1821,581697
2012-01-02 00:00:00,1.73625,1.76709,4514,3393,11992,1891,678631
2012-01-09 00:00:00,1.55066,1.5434,4059,3636,11543,1883,747894
2012-01-16 00:00:00,1.62891,1.64762,4364,4030,11939,1887,724623
2012-01-23 00:00:00,1.76038,1.6843,4766,4802,13209,1891,784244
2012-01-30 00:00:00,1.92728,1.86354,5218,5336,14448,1885,775298
2012-02-06 00:00:00,1.91994,1.86408,5028,5555,14624,1875,784516
2012-02-13 00:00:00,2.09951,2.01839,5277,5994,15929,1884,789193
2012-02-20 00:00:00,2.23973,2.10385,5246,5990,16137,1853,767022
2012-02-27 00:00:00,2.21921,2.09555,5219,6239,16518,1826,788242
2012-03-05 00:00:00,2.16693,2.10398,4811,6493,15763,1816,749198
2012-03-12 00:00:00,2.38913,2.2941,5175,6768,17150,1819,747570
2012-03-19 00:00:00,1.96466,1.92223,4422,5683,14524,1780,755579
2012-03-26 00:00:00,1.84229,1.74239,3807,5256,13017,1753,747079
2012-04-02 00:00:00,1.68674,1.67601,3582,4631,11930,1729,711808
2012-04-09 00:00:00,1.53136,1.49637,3253,4059,10732,1707,717202
2012-04-16 00:00:00,1.37912,1.38202,3001,4020,10123,1699,732480
2012-04-23 00:00:00,1.29515,1.28926,2638,3802,9370,1675,726772
2012-04-30 00:00:00,1.39521,1.35803,2509,3671,8999,1564,662649
2012-05-07 00:00:00,1.32522,1.30833,2524,3468,8576,1546,655492
2012-05-14 00:00:00,1.23059,1.26692,2465,3087,8062,1503,636347
2012-05-21 00:00:00,1.23028,1.27731,2545,3011,7878,1415,616765
2012-05-28 00:00:00,1.26877,1.2991,2480,2601,7153,1409,550614
2012-06-04 00:00:00,1.10782,1.16297,2336,2352,6765,1365,581700
2012-06-11 00:00:00,1.09559,1.08612,2231,2024,6133,1289,564670
2012-06-18 00:00:00,1.11031,1.0568,2259,1974,6048,1295,572296
2012-06-25 00:00:00,1.10616,1.07871,2168,1850,5786,1260,536380
2012-07-02 00:00:00,1.10816,1.04662,1911,1706,5291,1271,505533
2012-07-09 00:00:00,0.999444,0.928152,1913,1751,5185,1240,558637
2012-07-16 00:00:00,0.924199,0.901936,1818,1640,4931,1223,546713
2012-07-23 00:00:00,0.949257,0.915356,1752,1721,5103,1250,557488
2012-07-30 00:00:00,0.978903,0.952548,1728,1706,5159,1240,541600
2012-08-06 00:00:00,0.925024,0.916661,1660,1718,5026,1248,548294
2012-08-13 00:00:00,0.848456,0.901787,1721,1755,5051,1238,560110
2012-08-20 00:00:00,1.04451,1.03315,2098,2128,6141,1238,594395
2012-08-27 00:00:00,1.0986,1.05238,1958,2335,6318,1238,600354
2012-09-03 00:00:00,1.22071,1.12713,1886,2294,6296,1242,558585
2012-09-10 00:00:00,1.24976,1.1866,2176,2870,7382,1252,622114
2012-09-17 00:00:00,1.22892,1.21415,2295,2972,7656,1268,630563
2012-09-24 00:00:00,1.29393,1.25198,2421,2867,7807,1248,623572
2012-10-01 00:00:00,1.23034,1.20559,2773,3691,9395,1932,779285
2012-10-08 00:00:00,1.3278,1.31929,2960,4007,10158,1940,769959
2012-10-15 00:00:00,1.33995,1.32737,3202,4233,10585,1968,797444
2012-10-22 00:00:00,1.37842,1.36688,3346,4268,10913,1958,798388
2012-10-29 00:00:00,1.50085,1.50535,3326,4422,11061,1929,734781
2012-11-05 00:00:00,1.65163,1.61273,3733,5145,12674,1974,785871
2012-11-12 00:00:00,1.76746,1.75208,4034,5526,13623,1966,777534
2012-11-19 00:00:00,2.30609,2.33365,4651,5387,14650,1968,627772
2012-11-26 00:00:00,2.16324,2.2268,5102,7018,18521,2006,831730
2012-12-03 00:00:00,2.83038,2.97657,6486,10857,24877,2006,835762
2012-12-10 00:00:00,3.43761,3.62552,7446,12945,29432,1977,811800
2012-12-17 00:00:00,4.30554,4.5532,8546,13971,34332,1908,754019
2012-12-24 00:00:00,6.06082,6.02598,9709,11391,36588,1905,607171
2012-12-31 00:00:00,4.64931,4.96368,8444,9108,34103,1982,687051
2013-01-07 00:00:00,4.32584,4.69072,8297,13424,39896,1995,850531
2013-01-14 00:00:00,4.51113,4.70473,8633,15992,39441,2008,838326
2013-01-21 00:00:00,4.2171,4.1646,7441,13439,32426,1978,778610
2013-01-28 00:00:00,3.78956,3.69533,6609,12653,29808,1963,806640
2013-02-04 00:00:00,3.29206,3.2363,5757,10816,24987,1931,772086
2013-02-11 00:00:00,3.0197,2.89421,5289,9395,22321,1926,771229
2013-02-18 00:00:00,2.71499,2.71742,5099,8415,20519,1940,755092
2013-02-25 00:00:00,2.4845,2.52297,4633,7981,19231,1893,762238
2013-03-04 00:00:00,2.57808,2.55227,4791,7709,18829,1884,737736
2013-03-11 00:00:00,2.39237,2.43225,4480,7065,17392,1846,715059
2013-03-18 00:00:00,2.06778,2.10851,3957,6095,15254,1825,723449
2013-03-25 00:00:00,1.90281,1.94725,3830,5204,13714,1811,704276
2013-04-01 00:00:00,1.65902,1.74859,3516,4299,12273,1769,701881
2013-04-08 00:00:00,1.43006,1.49713,3110,3929,10818,1742,722583
2013-04-15 00:00:00,1.27757,1.32313,2707,3509,9188,1732,694415
2013-04-22 00:00:00,1.19009,1.22647,2588,3364,8589,1711,700300
2013-04-29 00:00:00,1.09556,1.19614,2439,3142,7986,1675,667648
2013-05-06 00:00:00,1.08589,1.19049,2422,2877,7704,1630,647130
2013-05-13 00:00:00,1.07343,1.17426,2431,2583,7317,1582,623114
2013-05-20 00:00:00,1.01677,1.13342,2230,2219,6589,1489,581338
2013-05-27 00:00:00,1.04847,1.14306,2109,2094,6190,1486,541528
2013-06-03 00:00:00,0.920349,1.00881,1983,1779,5638,1421,558875
2013-06-10 00:00:00,0.920779,1.02358,1969,1713,5539,1419,541138
2013-06-17 00:00:00,0.904333,1.00138,1877,1766,5474,1405,546643
2013-06-24 00:00:00,0.83057,0.909498,1703,1581,4915,1389,540408
2013-07-01 00:00:00,0.862837,0.950042,1594,1489,4506,1357,474295
2013-07-08 00:00:00,0.732182,0.829299,1576,1491,4510,1362,543833
2013-07-15 00:00:00,0.724558,0.802109,1432,1405,4186,1341,521874
2013-07-22 00:00:00,0.740848,0.806333,1416,1464,4233,1325,524969
2013-07-29 00:00:00,0.726037,0.796937,1216,1284,3886,1290,487617
2013-08-05 00:00:00,0.755639,0.779136,1367,1338,4075,1299,523015
2013-08-12 00:00:00,0.761847,0.797653,1364,1366,4168,1276,522533
2013-08-19 00:00:00,0.779896,0.825485,1331,1561,4317,1265,522965
2013-08-26 00:00:00,0.899138,0.935469,1499,1814,5053,1260,540157
2013-09-02 00:00:00,0.999524,1.04345,1681,2035,5626,1317,539175
2013-09-09 00:00:00,1.0558,1.09107,1926,2437,6374,1307,584196
2013-09-16 00:00:00,1.0967,1.20108,2175,2683,7110,1290,591969
2013-09-23 00:00:00,1.24709,1.26179,2393,2963,7963,1364,631088
2013-09-30 00:00:00,1.15746,1.13249,2974,3769,9677,1960,854487
2013-10-07 00:00:00,1.27184,1.21121,3276,3925,10420,1990,860298
2013-10-14 00:00:00,1.31623,1.25682,3483,3880,10658,2018,848016
2013-10-21 00:00:00,1.37444,1.37097,3930,4484,12036,2027,877917
2013-10-28 00:00:00,1.46781,1.42956,4045,4642,12502,2028,874537
2013-11-04 00:00:00,1.5834,1.53588,4434,5062,13498,2017,878845
2013-11-11 00:00:00,1.60253,1.60267,4643,5000,13927,2054,868987
2013-11-18 00:00:00,1.72344,1.73267,4835,5579,15168,2012,875411
2013-11-25 00:00:00,2.11076,2.09858,4937,4313,13975,2042,665926
2013-12-02 00:00:00,2.1708,2.21374,5549,6579,18920,2055,854664
2013-12-09 00:00:00,2.36971,2.41674,5501,7046,19398,2054,802651
2013-12-16 00:00:00,3.15997,3.03071,6555,8406,24697,2009,814891
2013-12-23 00:00:00,4.59053,4.38724,7814,7485,26988,2007,615148
2013-12-30 00:00:00,4.28195,4.2112,7488,6726,28654,2033,680424
2014-01-06 00:00:00,3.56288,3.46492,6233,7881,28147,2059,812343
2014-01-13 00:00:00,3.36378,3.31698,6007,9517,28370,2049,855297
2014-01-20 00:00:00,3.39659,3.2407,5878,8858,25502,2062,786928
2014-01-27 00:00:00,3.11922,2.88598,5133,8714,23484,2051,813726
2014-02-03 00:00:00,2.83572,2.62172,4729,7711,21085,2051,804244
2014-02-10 00:00:00,2.48484,2.34067,4210,6717,18195,2018,777340
2014-02-17 00:00:00,2.2741,2.12059,4250,6121,17234,2025,812700
2014-02-24 00:00:00,2.07244,1.91094,3953,5875,15914,1978,832786
2014-03-03 00:00:00,1.98207,1.9023,3775,5575,15044,1944,790831
2014-03-10 00:00:00,1.82441,1.76619,3616,5022,14024,1904,794024
2014-03-17 00:00:00,1.82036,1.85791,3798,5611,14926,1922,803374
2014-03-24 00:00:00,1.75391,1.82094,3523,5812,14661,1887,805133
2014-03-31 00:00:00,1.74542,1.83453,3582,5659,14637,1866,797863
2014-04-07 00:00:00,1.67236,1.75446,3574,5587,14206,1845,809707
2014-04-14 00:00:00,1.51659,1.51636,3130,4279,11723,1810,773101
2014-04-21 00:00:00,1.44778,1.40334,2846,3770,10814,1771,770592
2014-04-28 00:00:00,1.29028,1.2593,2501,3591,9648,1746,766139
2014-05-05 00:00:00,1.37388,1.32482,2789,3615,9775,1714,737834
2014-05-12 00:00:00,1.34208,1.27576,2544,3256,9033,1660,708049
2014-05-19 00:00:00,1.34563,1.29483,2733,3068,8797,1570,679395
2014-05-26 00:00:00,1.21291,1.2261,2528,2459,7658,1554,624582
2014-06-02 00:00:00,1.19291,1.14538,2383,2349,7229,1461,631143
2014-06-09 00:00:00,1.14146,1.0678,2227,2181,6783,1461,635233
2014-06-16 00:00:00,1.06503,1.07269,2159,2009,6369,1392,593740
2014-06-23 00:00:00,1.12669,1.01298,2049,1917,6038,1411,596063
2014-06-30 00:00:00,0.947353,0.994705,1865,1688,5352,1388,538049
2014-07-07 00:00:00,0.944187,0.880862,1758,1623,5295,1394,601116
2014-07-14 00:00:00,0.934822,0.858173,1582,1621,5083,1376,592305
2014-07-21 00:00:00,0.81736,0.805152,1455,1450,4765,1372,591814
2014-07-28 00:00:00,0.852792,0.818781,1450,1655,4942,1378,603580
2014-08-04 00:00:00,0.746994,0.783735,1460,1528,4744,1382,605307
2014-08-11 00:00:00,0.761098,0.848703,1528,1631,4980,1369,586778
2014-08-18 00:00:00,0.767627,0.834146,1569,1813,5305,1371,635980
2014-08-25 00:00:00,0.862176,0.905981,1684,2184,5799,1353,640080
2014-09-01 00:00:00,0.984907,1.04506,1753,2258,6050,1352,578913
2014-09-08 00:00:00,1.16287,1.16816,2300,3316,8130,1401,695966
2014-09-15 00:00:00,1.22731,1.27649,2535,3650,8888,1405,696282
2014-09-22 00:00:00,1.2071,1.29758,2522,3447,8874,1407,683887
2014-09-29 00:00:00,1.16191,1.20612,2958,3994,10150,1937,841540
2014-10-06 00:00:00,1.30905,1.32485,3055,4437,10977,1960,828544
2014-10-13 00:00:00,1.37072,1.41192,3442,4728,11941,2000,845727
2014-10-20 00:00:00,1.43373,1.42547,3455,4955,12292,2008,862314
2014-10-27 00:00:00,1.42791,1.43909,3632,5102,12313,2053,855608
2014-11-03 00:00:00,1.61605,1.61532,4277,5799,13853,2058,857601
2014-11-10 00:00:00,1.65976,1.66473,4424,5816,14062,1997,844700
2014-11-17 00:00:00,2.05459,2.0058,4740,7322,16674,2058,831289
2014-11-24 00:00:00,2.53541,2.62227,5432,6848,17602,2067,671251
2014-12-01 00:00:00,2.54253,2.60749,6185,9106,22905,2097,878430
2014-12-08 00:00:00,3.60563,3.4178,7424,13050,29172,2069,853532
2014-12-15 00:00:00,4.90976,4.46555,9270,16418,37382,2016,837119
2014-12-22 00:00:00,5.98221,6.11497,10363,13951,40533,1984,662849
2014-12-29 00:00:00,5.47421,5.30979,9732,9406,36891,1983,694773
2015-01-05 00:00:00,4.21374,4.07898,7160,9589,31483,1958,771835
2015-01-12 00:00:00,4.21022,3.93762,7044,11966,31204,1971,792459
2015-01-19 00:00:00,4.25968,4.15076,7840,13949,33221,1966,800359
2015-01-26 00:00:00,3.97761,3.87899,7118,13159,30621,1955,789407
2015-02-02 00:00:00,3.63443,3.45794,6656,12093,28151,1950,814097
2015-02-09 00:00:00,3.26527,3.06359,6429,10328,25218,1917,823153
2015-02-16 00:00:00,2.93083,2.82646,5537,8164,21109,1907,746836
2015-02-23 00:00:00,2.54474,2.3599,4823,7280,19178,1934,812660
2015-03-02 00:00:00,2.47227,2.33472,4639,7116,18441,1912,789858
2015-03-09 00:00:00,2.35665,2.21286,4710,6748,17833,1907,805881
2015-03-16 00:00:00,2.17008,2.07619,4559,6084,16695,1883,804117
2015-03-23 00:00:00,2.04297,2.01267,4418,6003,16122,1848,801027
2015-03-30 00:00:00,1.954,1.94192,4174,5623,14975,1819,771143
2015-04-06 00:00:00,1.72287,1.74809,3903,4634,13733,1820,785602
2015-04-13 00:00:00,1.53694,1.50367,3448,4214,12044,1813,800974
2015-04-20 00:00:00,1.38283,1.43494,3182,4011,10860,1768,756827
2015-04-27 00:00:00,1.46265,1.45673,3203,4280,11095,1753,761638
2015-05-04 00:00:00,1.38934,1.42836,3106,4079,10694,1735,748690
2015-05-11 00:00:00,1.3468,1.35297,2805,3641,9671,1688,714799
2015-05-18 00:00:00,1.25452,1.33093,2754,3296,9024,1622,678023
2015-05-25 00:00:00,1.21636,1.28422,2593,2714,7913,1579,616171
2015-06-01 00:00:00,1.16734,1.13889,2211,2345,6946,1505,609891
2015-06-08 00:00:00,1.04654,1.10343,2109,2284,6744,1455,611184
2015-06-15 00:00:00,0.943661,0.970748,1734,2046,5850,1459,602628
2015-06-22 00:00:00,0.935046,0.998681,1897,1921,5913,1445,592081
2015-06-29 00:00:00,0.934726,0.978057,1678,1701,5232,1417,534938
2015-07-06 00:00:00,0.864118,0.866431,1546,1675,5116,1428,590468
2015-07-13 00:00:00,0.806535,0.827757,1487,1609,4870,1411,588337
2015-07-20 00:00:00,0.742747,0.797572,1383,1498,4626,1401,580010
2015-07-27 00:00:00,0.737859,0.811221,1415,1459,4605,1352,567663
2015-08-03 00:00:00,0.743224,0.821165,1392,1590,4753,1364,578812
2015-08-10 00:00:00,0.805251,0.819435,1330,1667,4750,1340,579668
2015-08-17 00:00:00,0.816943,0.848041,1429,1815,5173,1356,609994
2015-08-24 00:00:00,0.814518,0.888524,1687,2033,5648,1362,635661
2015-08-31 00:00:00,0.86067,0.962826,1636,2292,5963,1354,619323
2015-09-07 00:00:00,0.886704,1.02252,1714,2169,5970,1349,583853
2015-09-14 00:00:00,1.00845,1.08392,1993,2744,7062,1369,651524
2015-09-21 00:00:00,1.06625,1.17724,2178,2947,7704,1367,654414
2015-09-28 00:00:00,1.05995,1.1716,2170,2746,7626,1332,650904
2015-10-05 00:00:00,1.22559,1.24325,2849,3693,10049,1963,808287
2015-10-12 00:00:00,1.31066,1.3234,3016,4007,10715,1976,809660
2015-10-19 00:00:00,1.3711,1.40399,3263,4360,11584,1995,825079
2015-10-26 00:00:00,1.39171,1.37629,3141,4148,11164,1999,811165
2015-11-02 00:00:00,1.43712,1.46866,3563,4783,12423,2048,845875
2015-11-09 00:00:00,1.50165,1.533,3746,4725,12676,2028,826877
2015-11-16 00:00:00,1.59805,1.60841,3960,5076,13484,2023,838344
2015-11-23 00:00:00,1.89668,1.90047,3974,4073,12158,2000,639738
2015-11-30 00:00:00,1.67728,1.73645,4469,5076,14617,2040,841777
2015-12-07 00:00:00,1.78296,1.81945,4575,5384,14986,2020,823657
2015-12-14 00:00:00,1.87336,1.96571,5135,5105,15396,2000,783227
2015-12-21 00:00:00,2.32148,2.42021,5377,4317,14839,1978,613128
2015-12-28 00:00:00,2.40991,2.41083,5700,4011,15679,1949,650356
2016-01-04 00:00:00,1.94328,1.98859,4775,4494,15654,2004,787192
2016-01-11 00:00:00,1.99796,1.98985,4574,5362,15517,2005,779809
2016-01-18 00:00:00,2.11829,2.1071,4804,5380,15661,2008,743249
2016-01-25 00:00:00,2.25112,2.19256,5088,6882,18143,2026,827482
2016-02-01 00:00:00,2.37116,2.30014,5135,7353,18944,2007,823602
2016-02-08 00:00:00,2.80035,2.67574,5645,8434,21774,2000,813755
2016-02-15 00:00:00,3.16475,3.02427,5997,9325,24681,1993,816098
2016-02-22 00:00:00,3.15183,3.11328,6299,10127,26423,1956,848718
2016-02-29 00:00:00,3.3321,3.32788,6619,11415,28468,1952,855439
2016-03-07 00:00:00,3.56024,3.5918,6660,11856,30481,1922,848628
2016-03-14 00:00:00,3.05479,3.09262,5574,9334,24894,1898,804948
2016-03-21 00:00:00,2.76732,2.78803,5187,8489,21940,1900,786936
2016-03-28 00:00:00,2.44161,2.52371,4581,7392,19603,1832,776752
2016-04-04 00:00:00,2.03348,2.12928,3707,6403,16769,1813,787543
2016-04-11 00:00:00,1.98593,2.05142,3572,6595,16261,1805,792672
2016-04-18 00:00:00,1.91514,1.98957,3515,6357,15437,1774,775895
2016-04-25 00:00:00,1.69968,1.7858,3157,5557,13836,1759,774777
2016-05-02 00:00:00,1.57635,1.60144,2772,4729,11870,1742,741210
2016-05-09 00:00:00,1.3935,1.4743,2871,4046,10707,1690,726244
2016-05-16 00:00:00,1.29941,1.42286,2688,3630,9798,1626,688612
2016-05-23 00:00:00,1.18379,1.38196,2612,3126,8787,1439,635835
2016-05-30 00:00:00,1.13723,1.33712,2545,2620,7997,1482,598077
2016-06-06 00:00:00,1.04118,1.13894,2293,2313,7201,1446,632252
2016-06-13 00:00:00,0.971814,1.09641,2189,2171,6768,1440,617287
2016-06-20 00:00:00,0.863306,0.999559,2062,1905,6024,1402,602666
2016-06-27 00:00:00,0.833797,0.99095,1873,1810,5686,1382,573793
2016-07-04 00:00:00,0.784516,0.931253,1646,1641,5118,1379,549582
2016-07-11 00:00:00,0.734327,0.843118,1610,1599,5078,1392,602288
2016-07-18 00:00:00,0.698845,0.840286,1670,1621,5044,1388,600272
2016-07-25 00:00:00,0.723099,0.830065,1580,1624,4925,1393,593327
2016-08-01 00:00:00,0.663501,0.790428,1455,1496,4596,1360,581457
2016-08-08 00:00:00,0.69276,0.830826,1512,1639,4868,1329,585923
2016-08-15 00:00:00,0.710029,0.856796,1644,1914,5265,1345,614499
2016-08-22 00:00:00,0.834232,1.00746,1848,2364,6260,1356,621362
2016-08-29 00:00:00,0.992621,1.05868,1815,2651,6504,1354,614349
2016-09-05 00:00:00,1.01605,1.10028,1883,2604,6623,1347,601938
2016-09-12 00:00:00,1.07169,1.1457,2026,3073,7639,1365,666755
2016-09-19 00:00:00,1.10163,1.2189,2341,3298,8229,1363,675119
2016-09-26 00:00:00,1.18841,1.31113,2413,3334,8505,1389,648678
2016-10-03 00:00:00,1.2019,1.27386,3110,4169,10864,1946,852842
2016-10-10 00:00:00,1.23108,1.29342,3207,4078,10997,1973,850228
2016-10-17 00:00:00,1.26796,1.33097,3564,4452,11926,1983,896035
2016-10-24 00:00:00,1.36298,1.42662,3786,4769,12648,2006,886570
2016-10-31 00:00:00,1.48535,1.57071,4314,5287,13790,1999,877947
2016-11-07 00:00:00,1.55954,1.65146,4703,5193,14258,1990,863356
2016-11-14 00:00:00,1.64783,1.73309,4979,5610,15160,2000,874739
2016-11-21 00:00:00,1.91275,2.03388,5032,4567,14208,2011,698566
2016-11-28 00:00:00,1.81725,1.88331,5209,5655,16605,2001,881694
2016-12-05 00:00:00,1.91433,2.00292,5501,5812,16961,2013,846813
2016-12-12 00:00:00,2.21003,2.27731,5744,6724,18463,2000,810736
2016-12-19 00:00:00,2.73568,2.91465,6653,7469,21565,1977,739882
2016-12-26 00:00:00,3.36832,3.54919,7712,7144,24900,1928,701569
2017-01-02 00:00:00,3.09689,3.08102,6716,6786,24178,2024,784740
2017-01-09 00:00:00,3.07346,3.01875,6020,8843,24897,1997,824746
2017-01-16 00:00:00,3.51643,3.40446,6399,12147,28781,2029,845391
2017-01-23 00:00:00,3.8027,3.52869,6958,14073,31265,2021,886023
2017-01-30 00:00:00,4.50313,4.10665,7452,17482,36517,2024,889216
2017-02-06 00:00:00,5.06308,4.7551,8110,20150,42890,2027,901978
2017-02-13 00:00:00,4.86009,4.65163,7726,18692,41035,1967,882163
2017-02-20 00:00:00,4.57916,4.57049,7649,17300,40124,1987,877892
2017-02-27 00:00:00,3.55674,3.45522,6129,12394,30183,1995,873547
2017-03-06 00:00:00,3.50417,3.29505,5854,11552,28060,1971,851580
2017-03-13 00:00:00,3.21511,3.16426,5503,10084,25484,1958,805370
2017-03-20 00:00:00,3.10088,3.14433,5514,11503,27354,1940,869946
2017-03-27 00:00:00,2.79056,2.87936,5145,10149,24342,1899,845397
2017-04-03 00:00:00,2.38547,2.36977,4488,8178,19677,1906,830332
2017-04-10 00:00:00,1.9703,1.93853,3909,5847,15548,1861,802052
2017-04-17 00:00:00,1.73442,1.64064,3306,4683,13006,1845,792740
2017-04-24 00:00:00,1.56303,1.4752,2997,4497,11924,1846,808298
2017-05-01 00:00:00,1.4128,1.37755,2890,4105,10762,1795,781240
2017-05-08 00:00:00,1.27492,1.33771,2751,3831,10202,1767,762648
2017-05-15 00:00:00,1.2834,1.34686,2685,3518,9809,1746,728288
2017-05-22 00:00:00,1.16663,1.26579,2341,3060,8564,1614,676574
2017-05-29 00:00:00,1.10977,1.25701,2311,2575,7756,1569,617021
2017-06-05 00:00:00,1.04333,1.16048,2412,2377,7510,1493,647145
2017-06-12 00:00:00,0.905151,1.04834,2049,2099,6636,1470,633003
2017-06-19 00:00:00,0.902718,0.992711,1930,1971,6240,1469,628582
2017-06-26 00:00:00,0.859531,0.961603,1771,1748,5596,1422,581945
2017-07-03 00:00:00,0.818998,0.955818,1728,1564,5326,1456,557219
2017-07-10 00:00:00,0.752505,0.827597,1545,1578,4961,1405,599446
2017-07-17 00:00:00,0.731146,0.811886,1549,1421,4747,1384,584688
2017-07-24 00:00:00,0.733295,0.818527,1576,1515,4879,1377,596071
2017-07-31 00:00:00,0.73102,0.829758,1529,1485,4899,1390,590413
2017-08-07 00:00:00,0.68834,0.828503,1559,1481,4915,1386,593239
2017-08-14 00:00:00,0.732049,0.885896,1603,1691,5230,1350,590363
2017-08-21 00:00:00,0.911188,1.05351,1964,2549,6653,1379,631507
2017-08-28 00:00:00,1.02105,1.11768,2076,2726,7133,1370,638196
2017-09-04 00:00:00,1.09495,1.14028,2073,2488,7072,1384,620201
2017-09-11 00:00:00,1.09475,1.13326,2372,2942,8304,1485,732755
2017-09-18 00:00:00,1.09775,1.17589,2544,3075,8563,1484,728214
2017-09-25 00:00:00,1.18882,1.23848,2840,3201,9079,1468,733077
2017-10-02 00:00:00,1.26682,1.28278,3844,4553,12830,2205,1000168
2017-10-09 00:00:00,1.30662,1.33419,4120,4453,13269,2233,994535
2017-10-16 00:00:00,1.34866,1.41293,4409,4993,14319,2254,1013427
2017-10-23 00:00:00,1.51871,1.57884,5003,5529,15826,2251,1002381
2017-10-30 00:00:00,1.74793,1.70723,5219,6133,17068,2213,999750
2017-11-06 00:00:00,1.87047,1.86372,6108,6625,18994,2278,1019146
2017-11-13 00:00:00,2.06674,2.09726,6805,7478,21615,2281,1030631
2017-11-20 00:00:00,2.28188,2.34372,6945,5876,19817,2264,845535
2017-11-27 00:00:00,2.28528,2.24895,7008,7476,23755,2274,1056270
2017-12-04 00:00:00,2.5848,2.49852,7230,8491,24979,2263,999753
2017-12-11 00:00:00,3.36711,3.20443,8297,11277,31533,2255,984043
2017-12-18 00:00:00,4.71836,4.4305,10464,14164,42664,2204,962961
2017-12-25 00:00:00,5.72036,5.46448,11301,11509,44986,2122,823244
2018-01-01 00:00:00,5.77543,5.37416,9426,11748,47282,2235,879802
2018-01-08 00:00:00,5.9083,5.54335,10082,17403,56922,2251,1026852
2018-01-15 00:00:00,6.49095,6.34203,12004,21873,62937,2277,992379
2018-01-22 00:00:00,7.17799,7.04897,13432,30671,77468,2279,1098998
2018-01-29 00:00:00,7.52851,7.79783,14854,37252,86095,2265,1104089
2018-02-05 00:00:00,7.38424,7.78892,15192,38457,87646,2290,1125265
2018-02-12 00:00:00,6.46068,6.83583,13340,31984,75987,2215,1111598
2018-02-19 00:00:00,4.95341,5.17354,10142,20394,52961,2259,1023689
2018-02-26 00:00:00,3.67274,3.55184,7190,13370,35932,2194,1011645
2018-03-05 00:00:00,3.2037,3.01348,6357,10841,29109,2203,965961
2018-03-12 00:00:00,2.78869,2.73862,5590,9479,25928,2188,946753
2018-03-19 00:00:00,2.50234,2.48438,5212,8635,23785,2168,957380
2018-03-26 00:00:00,2.41065,2.36593,4722,7216,20696,2131,874750
2018-04-02 00:00:00,2.07542,2.03306,4550,6211,19067,2117,937849
2018-04-09 00:00:00,1.78234,1.8062,4148,5508,16672,2076,923041
2018-04-16 00:00:00,1.61608,1.58958,3859,5269,14892,2103,936850
2018-04-23 00:00:00,1.53992,1.54077,3725,5343,14572,2079,945759
2018-04-30 00:00:00,1.53115,1.45326,3656,4810,13273,2005,913326
2018-05-07 00:00:00,1.29599,1.28242,3443,4132,11617,1922,905868
2018-05-14 00:00:00,1.18904,1.2243,3359,3766,11067,1966,903948
2018-05-21 00:00:00,1.24941,1.23385,3384,3429,10646,1883,862825
2018-05-28 00:00:00,1.14134,1.22391,3222,2982,9608,1789,785022
2018-06-04 00:00:00,0.988567,1.04866,2845,2551,8688,1783,828488
2018-06-11 00:00:00,0.895433,0.979381,2375,2242,7570,1738,772937
2018-06-18 00:00:00,0.892227,0.94819,2313,2161,7374,1759,777692
2018-06-25 00:00:00,0.877636,0.867741,2201,1906,6932,1720,798856
2018-07-02 00:00:00,0.77502,0.822957,2000,1862,6249,1764,759335
2018-07-09 00:00:00,0.725956,0.772384,1945,1900,6502,1769,841809
2018-07-16 00:00:00,0.68266,0.707466,1741,1720,5786,1732,817849
2018-07-23 00:00:00,0.640527,0.686508,1665,1643,5496,1728,800573
2018-07-30 00:00:00,0.64106,0.68859,1620,1772,5617,1708,815725
2018-08-06 00:00:00,0.706465,0.736093,1727,1786,5864,1670,796639
2018-08-13 00:00:00,0.708668,0.806323,1989,2172,6542,1705,811337
2018-08-20 00:00:00,0.825743,0.954211,2237,2467,7309,1601,765973
2018-08-27 00:00:00,0.864409,0.962249,2447,2836,8117,1661,843545
2018-09-03 00:00:00,1.10114,1.14153,2817,3346,9536,1693,835370
2018-09-10 00:00:00,1.15244,1.14726,2774,3659,10063,1689,877135
2018-09-17 00:00:00,1.20257,1.31197,3242,3950,11190,1666,852916
2018-09-24 00:00:00,1.25033,1.37701,3471,4185,11714,1694,850685
2018-10-01 00:00:00,1.41846,1.42429,4857,6300,17839,2565,1252483
2018-10-08 00:00:00,1.40418,1.48151,5307,6250,18561,2609,1252846
2018-10-15 00:00:00,1.47401,1.59449,5582,6799,19930,2586,1249933
2018-10-22 00:00:00,1.64257,1.72683,6242,7478,21616,2646,1251776
2018-10-29 00:00:00,1.79275,1.84522,6864,8285,23154,2633,1254812
2018-11-05 00:00:00,1.87043,1.93069,7504,8448,24073,2645,1246860
2018-11-12 00:00:00,1.98387,2.09114,7805,8050,24347,2631,1164292
2018-11-19 00:00:00,2.24169,2.41082,8598,7193,24612,2586,1020898
2018-11-26 00:00:00,2.14883,2.25019,8885,8787,29080,2640,1292335
2018-12-03 00:00:00,2.25531,2.30458,8803,9269,28356,2633,1230419
2018-12-10 00:00:00,2.64571,2.73758,10150,11373,33098,2622,1209022
2018-12-17 00:00:00,3.14075,3.24643,11507,12811,38236,2571,1177786
2018-12-24 00:00:00,3.97127,4.19267,13586,12026,43904,2545,1047161
2018-12-31 00:00:00,3.46125,3.63499,11675,9557,42094,2609,1158023
2019-01-07 00:00:00,3.07707,3.14077,9344,10744,38752,2629,1233836
2019-01-14 00:00:00,3.32915,3.36551,9668,14248,41109,2633,1221478
2019-01-21 00:00:00,3.81999,3.89305,10728,16925,46113,2614,1184495
2019-01-28 00:00:00,4.3419,4.5253,11606,22188,55187,2639,1219521
2019-02-04 00:00:00,4.88288,5.21525,13828,29688,69442,2644,1331519
2019-02-11 00:00:00,5.04211,5.43173,14224,29223,69978,2628,1288318
2019-02-18 00:00:00,4.88596,5.2776,13612,26456,66345,2623,1257106
2019-02-25 00:00:00,4.5499,4.59585,11622,23450,58735,2634,1278001
2019-03-04 00:00:00,4.38001,4.40341,11146,21736,55348,2614,1256934
2019-03-11 00:00:00,4.2288,4.13279,10975,20065,53133,2622,1285646
2019-03-18 00:00:00,3.68449,3.56166,9559,16537,44786,2596,1257449
2019-03-25 00:00:00,3.08744,3.05634,8621,13608,37844,2587,1238213
2019-04-01 00:00:00,2.69971,2.68251,7591,11757,32905,2597,1226648
2019-04-08 00:00:00,2.28549,2.26747,6739,9988,27803,2542,1226170
2019-04-15 00:00:00,2.01443,1.96931,6319,7894,23122,2517,1174114
2019-04-22 00:00:00,1.7141,1.72372,5689,6617,20583,2490,1194101
2019-04-29 00:00:00,1.56927,1.57693,5362,6203,18848,2459,1195232
2019-05-06 00:00:00,1.49991,1.46086,4785,5903,17096,2415,1170273
2019-05-13 00:00:00,1.50211,1.50759,4614,5488,16349,2302,1084443
2019-05-20 00:00:00,1.42357,1.40452,4597,5227,15747,2205,1121166
2019-05-27 00:00:00,1.39457,1.40617,4437,4659,14770,2179,1050372
2019-06-03 00:00:00,1.21776,1.23921,3930,4110,13433,2235,1083994
2019-06-10 00:00:00,1.11351,1.10622,3350,3607,11618,2139,1050239
2019-06-17 00:00:00,0.992293,1.01351,3046,3282,10678,2141,1053569
2019-06-24 00:00:00,0.947072,0.959926,2940,3106,9986,2063,1040288
2019-07-01 00:00:00,0.876088,0.873735,2433,2676,8549,2111,978443
2019-07-08 00:00:00,0.809956,0.795831,2344,2660,8422,2090,1058265
2019-07-15 00:00:00,0.755431,0.768849,2219,2570,8111,2132,1054954
2019-07-22 00:00:00,0.73346,0.748185,2128,2451,7755,2117,1036508
2019-07-29 00:00:00,0.72729,0.758451,2348,2436,7874,2128,1038168
2019-08-05 00:00:00,0.754637,0.77011,2089,2384,8038,2146,1043747
2019-08-12 00:00:00,0.730938,0.834825,2630,2828,8987,2178,1076513
2019-08-19 00:00:00,0.840615,0.942052,2907,3501,10096,2147,1071703
2019-08-26 00:00:00,0.989217,1.07895,3394,4220,11817,2169,1095230
2019-09-02 00:00:00,1.14059,1.20634,3801,4535,13158,2189,1090741
2019-09-09 00:00:00,1.23272,1.2757,3905,5499,14831,2221,1162580
2019-09-16 00:00:00,1.24529,1.39156,4463,5673,15977,2198,1148137
2019-09-23 00:00:00,1.33771,1.49698,4970,6104,17414,2180,1163278
2019-09-30 00:00:00,1.49064,1.50415,6218,7658,21915,2896,1456967
2019-10-07 00:00:00,1.59269,1.59823,6550,7638,22953,2924,1436150
2019-10-14 00:00:00,1.72517,1.73838,7273,8277,24857,2950,1429897
2019-10-21 00:00:00,1.83428,1.8605,7892,9349,27419,2980,1473740
2019-10-28 00:00:00,2.04049,2.01425,8658,10068,28910,2989,1435277
2019-11-04 00:00:00,2.39351,2.36364,10557,12551,34586,3007,1463253
2019-11-11 00:00:00,2.63245,2.64431,11446,13671,37728,2976,1426760
2019-11-18 00:00:00,2.91944,2.97548,12714,17049,44148,2971,1483729
2019-11-25 00:00:00,3.41066,3.44787,14389,14717,43817,2971,1270842
2019-12-02 00:00:00,3.2622,3.31577,13839,16389,48877,2977,1474075
2019-12-09 00:00:00,3.94308,3.86928,14728,21877,56444,2947,1458774
2019-12-16 00:00:00,5.06529,5.02757,17999,29177,71584,2913,1423829
2019-12-23 00:00:00,7.06161,7.15315,24097,34004,95757,2905,1338669
2019-12-30 00:00:00,5.91974,6.22926,21564,23383,88681,2957,1423620
2020-01-06 00:00:00,4.94176,5.06974,15547,22747,75585,2987,1490905
2020-01-13 00:00:00,5.33174,5.35782,16587,29657,79746,2983,1488404
2020-01-20 00:00:00,6.08106,6.0261,18558,35216,90072,2984,1494697
2020-01-27 00:00:00,6.74724,6.87271,20299,44117,108307,2984,1575900
2020-02-03 00:00:00,6.7998,7.08261,20270,45491,111289,2994,1571300
2020-02-10 00:00:00,6.11292,6.22068,17393,36909,95418,2958,1533883
2020-02-17 00:00:00,5.55671,5.62148,15233,28328,79832,2909,1420123
2020-02-24 00:00:00,5.12279,5.10226,13817,25487,74809,2934,1466192
2020-03-02 00:00:00,5.26652,5.28928,13888,26396,78779,2901,1489410
2020-03-09 00:00:00,5.67081,6.29229,14149,27752,89571,2836,1423503
2020-03-16 00:00:00,6.38029,7.35285,10790,17512,78584,2798,1068755
2020-03-23 00:00:00,4.91692,6.22687,5129,8322,53142,2727,853431
2020-03-30 00:00:00,3.78625,4.82995,2359,4852,36251,2684,750546
2020-04-06 00:00:00,2.80122,3.47366,1496,3426,24974,2686,718953
2020-04-13 00:00:00,2.12879,2.57382,1068,2666,18265,2666,709645
2020-04-20 00:00:00,1.73315,2.02032,926,2317,15164,2652,750576
2020-04-27 00:00:00,1.40932,1.62094,864,2098,12817,2624,790715
2020-05-04 00:00:00,1.18336,1.35262,729,1889,11066,2611,818113
2020-05-11 00:00:00,1.11451,1.23819,788,1960,10480,2601,846400
2020-05-18 00:00:00,1.00534,1.07598,1224,2402,11735,2971,1090638
2020-05-25 00:00:00,0.88827,0.885843,805,1898,9614,2950,1085294
2020-06-01 00:00:00,0.814062,0.819928,802,1969,9325,2931,1137295
2020-06-08 00:00:00,0.836751,0.814575,881,2141,9580,2902,1176074
2020-06-15 00:00:00,0.928456,0.950979,1006,2679,11866,2935,1247767
2020-06-22 00:00:00,1.14217,1.20306,1216,3491,15499,2896,1288294
2020-06-29 00:00:00,1.27401,1.38424,1395,3970,17843,2897,1289006
2020-07-06 00:00:00,1.34951,1.47311,1545,4094,20046,2918,1360798
2020-07-13 00:00:00,1.34471,1.43761,1658,4075,19260,2894,1339726
2020-07-20 00:00:00,1.22153,1.21898,1634,3560,16533,2953,1356301
2020-07-27 00:00:00,1.15258,1.15067,1609,3497,15524,2992,1349125
2020-08-03 00:00:00,1.0626,1.05662,1570,3271,14117,2956,1336052
2020-08-10 00:00:00,0.979884,0.981699,1592,3167,13193,2978,1343895
2020-08-17 00:00:00,0.969202,0.961833,1804,3283,12952,2930,1346595
2020-08-24 00:00:00,1.00022,0.970543,1866,3951,13159,2967,1355839
2020-08-31 00:00:00,0.920817,0.919002,1759,3609,12316,2921,1340149
2020-09-07 00:00:00,1.0355,0.978032,1999,3822,13035,2915,1332779
2020-09-14 00:00:00,0.974333,0.955677,2070,3628,13049,2943,1365420
2020-09-21 00:00:00,1.06462,1.03845,2286,4366,14586,2941,1404590
2020-09-28 00:00:00,1.09211,1.08024,2454,4715,16466,3246,1524289
2020-10-05 00:00:00,1.21201,1.19451,2558,5239,19144,3318,1602667
2020-10-12 00:00:00,1.11151,1.09796,2313,4613,17235,3301,1569727
2020-10-19 00:00:00,1.18662,1.15393,2454,4834,18133,3330,1571417
2020-10-26 00:00:00,1.25262,1.18924,2512,4916,18554,3421,1560158
2020-11-02 00:00:00,1.44427,1.33759,2726,5825,21370,3425,1597645
2020-11-09 00:00:00,1.48969,1.37845,2776,5544,22598,3391,1639379
2020-11-16 00:00:00,1.56064,1.43236,2692,5342,22709,3334,1585429
2020-11-23 00:00:00,1.61944,1.49959,2484,4584,21313,3333,1421255
2020-11-30 00:00:00,1.57347,1.44967,2597,4861,22251,3339,1534905
2020-12-07 00:00:00,1.51939,1.42617,2504,4692,22103,3358,1549810
2020-12-14 00:00:00,1.50599,1.39797,2482,4282,20874,3299,1493163
2020-12-21 00:00:00,1.55485,1.45725,2323,3564,19836,3301,1361197
2020-12-28 00:00:00,1.58903,1.53781,2583,3933,22423,3280,1458113
2021-01-04 00:00:00,1.47519,1.4348,2414,4549,22711,3316,1582870
2021-01-11 00:00:00,1.28752,1.2606,2297,3975,19018,3278,1508647
2021-01-18 00:00:00,1.25172,1.21098,2566,4056,18350,3315,1515305
2021-01-25 00:00:00,1.10177,1.12283,2558,3953,16896,3324,1504764
2021-02-01 00:00:00,1.16565,1.08237,2636,4015,16098,3295,1487296
2021-02-08 00:00:00,1.00609,0.975086,2552,3730,14079,3246,1443873
2021-02-15 00:00:00,0.986101,0.907555,2318,3144,12591,3256,1387354
2021-02-22 00:00:00,0.864388,0.860857,2543,3541,13344,3276,1550083
2021-03-01 00:00:00,0.828056,0.842356,2771,3540,13000,3278,1543291
2021-03-08 00:00:00,0.882103,0.902897,3218,3806,14077,3284,1559093
2021-03-15 00:00:00,0.908033,0.939382,3514,3856,14574,3227,1551445
2021-03-22 00:00:00,0.947577,0.96011,3817,3915,15354,3201,1599192
2021-03-29 00:00:00,0.975225,0.998141,4116,4089,15993,3257,1602279
2021-04-05 00:00:00,1.06101,1.07796,4731,4685,18100,3277,1679101
2021-04-12 00:00:00,1.08091,1.1089,5227,4907,19165,3282,1728295
2021-04-19 00:00:00,1.10326,1.1502,5763,5093,19305,3248,1678407
2021-04-26 00:00:00,1.13361,1.1834,6326,5503,20099,3256,1698411
2021-05-03 00:00:00,1.14992,1.20915,6822,5401,19930,3227,1648268
2021-05-10 00:00:00,1.19092,1.25462,7365,5491,20367,3214,1623366
2021-05-17 00:00:00,1.24677,1.26333,8352,5414,21262,3193,1683010
2021-05-24 00:00:00,1.14504,1.19095,7953,4967,19675,3141,1652047
2021-05-31 00:00:00,1.18454,1.25187,8502,4854,20143,3140,1609033
2021-06-07 00:00:00,1.12943,1.14521,8096,4645,19182,3110,1674977
2021-06-14 00:00:00,1.18866,1.18174,8503,4594,19579,3068,1656791
2021-06-21 00:00:00,1.21202,1.21001,8514,4609,19890,3057,1643793
2021-06-28 00:00:00,1.21342,1.21283,8369,4757,20092,3055,1656615
2021-07-05 00:00:00,1.26676,1.32905,8719,5309,22371,3055,1683237
2021-07-12 00:00:00,1.38728,1.44269,9193,5930,25261,3067,1750965
2021-07-19 00:00:00,1.6475,1.70926,10371,7170,30545,3067,1787028
2021-07-26 00:00:00,1.80199,1.91065,11132,8572,35195,3050,1842048
2021-08-02 00:00:00,1.94952,2.05206,11102,8900,37756,3050,1839909
2021-08-09 00:00:00,2.03548,2.15548,11264,10105,40067,3042,1858843
2021-08-16 00:00:00,2.1918,2.30581,11801,12275,42721,3029,1852756
2021-08-23 00:00:00,2.23897,2.30752,11982,13529,43058,3028,1865986
2021-08-30 00:00:00,2.26643,2.25253,11745,13053,40864,3027,1814136
2021-09-06 00:00:00,2.21298,2.21275,11705,12250,39421,3021,1781535
2021-09-13 00:00:00,2.045,2.00464,11248,11578,36193,3059,1805463
2021-09-20 00:00:00,1.90124,1.93759,10916,11380,33976,3037,1753523
2021-09-27 00:00:00,1.8442,1.84367,10133,10040,29949,2877,1624427
2021-10-04 00:00:00,2.04291,1.96951,13140,13154,39535,3501,2007349
2021-10-11 00:00:00,1.94883,1.90695,13072,11985,37638,3510,1973726
2021-10-18 00:00:00,1.92689,1.86187,12500,11458,35714,3474,1918176
2021-10-25 00:00:00,1.9797,1.89376,12859,11888,36639,3509,1934723
2021-11-01 00:00:00,2.13555,2.08777,13304,14454,40030,3515,1917361
2021-11-08 00:00:00,2.26828,2.22941,14565,15840,44163,3530,1980931
2021-11-15 00:00:00,2.41203,2.35687,14740,17358,47076,3526,1997393
2021-11-22 00:00:00,2.51906,2.45867,14918,13401,43324,3519,1762089
2021-11-29 00:00:00,2.55518,2.56351,15167,17353,52729,3545,2056903
2021-12-06 00:00:00,2.73156,2.71846,14971,19971,55069,3544,2025745
2021-12-13 00:00:00,3.14637,3.09823,16287,23450,62545,3518,2018736
2021-12-20 00:00:00,4.00697,4.07867,18515,25073,79225,3496,1942424
2021-12-27 00:00:00,4.90255,5.06901,24109,28952,113862,3455,2246237
2022-01-03 00:00:00,4.32609,4.28066,17044,24738,93262,3487,2178681
2022-01-10 00:00:00,3.53446,3.41579,12223,20214,69183,3499,2025389
2022-01-17 00:00:00,2.80631,2.67796,9492,13268,48498,3503,1811003
2022-01-24 00:00:00,2.07428,1.97776,7309,9526,34810,3485,1760073
2022-01-31 00:00:00,1.68283,1.56091,6082,7748,25831,3415,1654872
2022-02-07 00:00:00,1.44399,1.34542,6395,7610,23731,3474,1763832
2022-02-14 00:00:00,1.49042,1.37085,6917,8500,23946,3474,1746795
2022-02-21 00:00:00,1.46656,1.37026,7057,8330,23609,3472,1722955
2022-02-28 00:00:00,1.58712,1.42301,7423,9830,25801,3470,1813130
2022-03-07 00:00:00,1.70414,1.54683,8210,11085,28077,3485,1815133
2022-03-14 00:00:00,1.83426,1.67881,9042,12124,31359,3454,1867926
2022-03-21 00:00:00,1.87437,1.73443,9302,12648,32423,3449,1869370
2022-03-28 00:00:00,1.97666,1.85462,9613,13660,34822,3443,1877580
2022-04-04 00:00:00,2.07192,1.99404,10562,15187,38144,3453,1912899
2022-04-11 00:00:00,2.16356,2.12964,11336,16095,40966,3446,1923613
2022-04-18 00:00:00,2.20516,2.1833,11734,15748,42086,3457,1927635
2022-04-25 00:00:00,2.30897,2.21509,12070,16372,43420,3426,1960190
2022-05-02 00:00:00,2.36195,2.4143,12835,18631,47799,3394,1979830
2022-05-09 00:00:00,2.55252,2.60892,14243,19989,52025,3376,1994121
2022-05-16 00:00:00,2.4544,2.60434,15055,20746,54081,3414,2076569
2022-05-23 00:00:00,2.39129,2.66831,14561,19982,52385,3351,1963229
2022-05-30 00:00:00,2.43334,2.64646,15809,17507,51863,3345,1959711
2022-06-06 00:00:00,2.16338,2.29329,14154,13726,45240,3342,1972714
2022-06-13 00:00:00,1.9885,2.0741,12858,11205,40250,3302,1940597
2022-06-20 00:00:00,1.87681,1.91807,11865,9933,37830,3355,1972297
2022-06-27 00:00:00,1.80431,1.80208,11066,8513,34566,3237,1918113
2022-07-04 00:00:00,1.8187,1.79307,10580,8593,34983,3345,1951013
2022-07-11 00:00:00,1.67889,1.66869,9525,8111,33011,3313,1978256
2022-07-18 00:00:00,1.66049,1.64913,9361,8116,32611,3313,1977461
2022-07-25 00:00:00,1.67087,1.64799,9153,7859,32040,3289,1944189
2022-08-01 00:00:00,1.53015,1.5292,8659,7476,29641,3305,1938338
2022-08-08 00:00:00,1.51566,1.51741,8329,7813,28642,3198,1887562
2022-08-15 00:00:00,1.60511,1.61916,9479,9934,31572,3293,1949894
2022-08-22 00:00:00,1.83833,1.81145,10792,12593,35787,3280,1975601
2022-08-29 00:00:00,1.96617,1.89564,11524,13887,37513,3260,1978914
2022-09-05 00:00:00,2.02613,1.94934,12548,13475,38334,3290,1966513
2022-09-12 00:00:00,2.04444,1.97433,13405,14610,39838,3322,2017799
2022-09-19 00:00:00,2.29157,2.19998,15939,16713,44726,3334,2033022
2022-09-26 00:00:00,2.37316,2.29832,17080,16825,46321,3353,2015431
2022-10-03 00:00:00,2.61928,2.59379,18503,20141,57318,3684,2209814
2022-10-10 00:00:00,2.97342,2.85133,20623,22779,63388,3720,2223106
2022-10-17 00:00:00,3.33747,3.31688,23713,28368,75615,3726,2279700
2022-10-24 00:00:00,4.40914,4.4466,32012,45003,109496,3788,2462467
2022-10-31 00:00:00,5.46044,5.54702,37474,61015,139247,3776,2510305
2022-11-07 00:00:00,5.77391,5.67263,38651,57053,140055,3793,2468962
2022-11-14 00:00:00,5.95367,5.73531,34849,55229,137419,3777,2396019
2022-11-21 00:00:00,7.46674,7.37142,39539,62925,164936,3765,2237505
2022-11-28 00:00:00,7.22916,7.24012,38495,63623,185673,3767,2564503
2022-12-05 00:00:00,6.83803,6.82928,32316,62563,167248,3750,2448985
2022-12-12 00:00:00,6.32716,6.46231,28976,55613,151672,3751,2347026
2022-12-19 00:00:00,5.98024,6.1412,25500,41624,129978,3715,2116491
2022-12-26 00:00:00,5.33738,5.46656,22891,27251,112531,3703,2058533
2023-01-02 00:00:00,3.94632,4.07732,16651,21006,92034,3740,2257219
2023-01-09 00:00:00,2.95379,3.05773,12231,18061,67720,3737,2214718
2023-01-16 00:00:00,2.64461,2.70671,11720,16915,57770,3730,2134322
2023-01-23 00:00:00,2.63254,2.67225,12170,18680,58231,3716,2179097
2023-01-30 00:00:00,2.58785,2.68591,12686,19751,59326,3734,2208786
2023-02-06 00:00:00,2.59797,2.70465,13271,20964,62258,3735,2301891
2023-02-13 00:00:00,2.57397,2.6371,13127,19818,59665,3695,2262519
2023-02-20 00:00:00,2.53338,2.58651,13478,18410,57223,3719,2212367
2023-02-27 00:00:00,2.41141,2.44348,12693,18281,55682,3725,2278801
2023-03-06 00:00:00,2.36135,2.40445,12840,18388,54686,3722,2274369
2023-03-13 00:00:00,2.35552,2.43524,13086,17814,54263,3713,2228243
2023-03-20 00:00:00,2.31452,2.41343,13043,18685,55394,3665,2295244
2023-03-27 00:00:00,2.26061,2.34891,12413,18078,53342,3688,2270922
2023-04-03 00:00:00,2.13495,2.20628,11586,15673,48355,3680,2191695
2023-04-10 00:00:00,2.01808,2.0726,11151,14832,46725,3665,2254413
2023-04-17 00:00:00,1.91773,1.95437,9912,14788,44507,3680,2277306
2023-04-24 00:00:00,1.91233,1.97315,10041,15803,44802,3677,2270577
2023-05-01 00:00:00,1.95706,2.0174,10013,16115,45582,3652,2259439
2023-05-08 00:00:00,1.92178,1.99349,10187,16725,45769,3654,2295923
2023-05-15 00:00:00,1.88696,1.96616,9740,15517,43287,3653,2201602
2023-05-22 00:00:00,1.83831,1.91398,9389,14611,41516,3518,2169098
2023-05-29 00:00:00,1.85243,1.93826,9568,14220,41589,3601,2145684
2023-06-05 00:00:00,1.58197,1.69283,8309,11628,36939,3583,2182091
2023-06-12 00:00:00,1.49009,1.57462,7741,10223,33880,3589,2151633
2023-06-19 00:00:00,1.36698,1.44401,6998,8941,30889,3582,2139112
2023-06-26 00:00:00,1.276,1.32385,6388,8012,28486,3539,2151758
2023-07-03 00:00:00,1.23501,1.29091,5944,7475,26648,3569,2064286
2023-07-10 00:00:00,1.16269,1.20177,5608,7043,25903,3542,2155400
2023-07-17 00:00:00,1.12962,1.19268,5718,6836,25802,3560,2163359
2023-07-24 00:00:00,1.1716,1.23085,5812,7046,26417,3551,2146245
2023-07-31 00:00:00,1.20886,1.26099,5678,6966,26896,3542,2132922
2023-08-07 00:00:00,1.28069,1.35931,5982,7764,29313,3521,2156467
2023-08-14 00:00:00,1.45906,1.53965,6688,9759,33663,3533,2186399
2023-08-21 00:00:00,1.72129,1.8262,8234,13151,40979,3524,2243946
2023-08-28 00:00:00,1.95643,1.97735,8980,14664,44411,3537,2245988
2023-09-04 00:00:00,2.02622,2.0246,9546,14159,44734,3538,2209523
2023-09-11 00:00:00,1.95721,1.99147,9485,14904,45287,3558,2274050
2023-09-18 00:00:00,2.04894,2.13438,10912,16162,48265,3558,2261308
2023-09-25 00:00:00,2.10325,2.17945,11376,16110,49269,3552,2260617
2023-10-02 00:00:00,2.29437,2.25993,13519,19002,56312,4131,2491762
2023-10-09 00:00:00,2.35661,2.31333,14421,18599,57524,4152,2486632
2023-10-16 00:00:00,2.54534,2.51543,15720,20305,62503,4137,2484780
2023-10-23 00:00:00,2.73456,2.68187,16987,22384,67635,4162,2521937
2023-10-30 00:00:00,2.97593,2.91427,17798,24808,72231,4157,2478529
2023-11-06 00:00:00,3.44474,3.32776,21464,29464,85459,4153,2568065
2023-11-13 00:00:00,3.72733,3.57493,22024,30847,90948,4156,2544050
2023-11-20 00:00:00,3.96716,3.7901,22396,25940,85524,4169,2256510
2023-11-27 00:00:00,4.0711,3.96251,22647,30362,103712,4142,2617331
2023-12-04 00:00:00,4.43001,4.3577,23354,38183,114141,4106,2619296
2023-12-11 00:00:00,5.23531,5.20976,26077,48330,135998,4122,2610448
2023-12-18 00:00:00,6.29628,6.3132,29770,53491,163265,4093,2586088
2023-12-25 00:00:00,6.86008,6.90793,31488,41791,166750,4084,2413892
2024-01-01 00:00:00,5.76943,5.76353,24677,32320,143938,4112,2497395
2024-01-08 00:00:00,4.71303,4.7553,18151,31396,118459,4110,2491092
2024-01-15 00:00:00,4.37645,4.35212,16160,29154,100098,4121,2299985
2024-01-22 00:00:00,4.29285,4.22512,16225,34393,105571,4145,2498648
2024-01-29 00:00:00,4.47024,4.27996,17267,38567,107922,4127,2521568
2024-02-05 00:00:00,4.51127,4.40173,17961,41789,112968,4130,2566444
2024-02-12 00:00:00,4.40434,4.33653,17400,38985,108366,4118,2498912
2024-02-19 00:00:00,4.38329,4.32522,17659,37127,107566,4111,2486951
2024-02-26 00:00:00,4.10181,4.08164,17334,36003,104864,4110,2569164
2024-03-04 00:00:00,3.7598,3.73403,16496,33098,94742,4114,2537260
2024-03-11 00:00:00,3.43549,3.40093,15876,29166,84963,4053,2498228
2024-03-18 00:00:00,3.11686,3.15455,15097,26542,78618,4106,2492206
2024-03-25 00:00:00,2.99938,3.0343,14434,23556,73845,4099,2433678
2024-04-01 00:00:00,2.79485,2.83344,13918,20517,68526,4074,2418470
2024-04-08 00:00:00,2.56441,2.59313,13267,19722,64449,4088,2485371
2024-04-15 00:00:00,2.27074,2.29554,11853,18319,57522,4074,2505816
2024-04-22 00:00:00,2.21342,2.24527,11399,18188,55413,4047,2467989
2024-04-29 00:00:00,2.12453,2.14655,11136,17612,53519,4001,2493255
2024-05-06 00:00:00,2.02811,2.04178,10369,16479,50457,4048,2471221
2024-05-13 00:00:00,1.99937,2.03197,10323,15732,49254,4002,2423948
2024-05-20 00:00:00,1.93241,1.95808,9847,14626,47562,3962,2429017
2024-05-27 00:00:00,1.90317,1.9223,9668,13385,44766,3951,2328772
2024-06-03 00:00:00,1.68241,1.72665,8276,11484,41248,3923,2388904
2024-06-10 00:00:00,1.60309,1.6062,7421,10231,37720,3916,2348396
2024-06-17 00:00:00,1.5073,1.54206,6731,9048,35781,3914,2320335
2024-06-24 00:00:00,1.48383,1.49644,6268,9093,35208,3861,2352786
2024-07-01 00:00:00,1.39299,1.44723,5810,8077,32093,3889,2217551
2024-07-08 00:00:00,1.45392,1.44843,6101,8819,34982,3876,2415173
2024-07-15 00:00:00,1.45455,1.43289,5727,8326,33474,3859,2336121
2024-07-22 00:00:00,1.5251,1.50564,6018,8651,34749,3887,2307921
2024-07-29 00:00:00,1.5366,1.49629,6006,8902,34935,3889,2334775
2024-08-05 00:00:00,1.54425,1.50949,6263,9040,34912,3839,2312831
2024-08-12 00:00:00,1.51967,1.54313,6296,9976,35347,3721,2290608
